city1_2	flag
邦达成都	197
成都邦达	197
北海成都	203
成都北海	203
北京常州	208
常州北京	208
北海重庆	259
重庆北海	259
北京大连	328
大连北京	328
长春重庆	363
重庆长春	363
北京东营	379
东营北京	379
北京敦煌	381
敦煌北京	381
长春大连	413
大连长春	413
北京赣州	424
赣州北京	424
北京广元	432
广元北京	432
成都大连	498
大连成都	498
长沙广州	546
广州长沙	546
北海海口	550
海口北海	550
北京海口	578
海口北京	578
长沙贵阳	651
贵阳长沙	651
长沙海口	687
海口长沙	687
长春杭州	703
杭州长春	703
北京佳木斯	761
佳木斯北京	761
北京嘉峪关	763
嘉峪关北京	763
北京吉林	766
吉林北京	766
北京济南	774
济南北京	774
赣州广州	798
广州赣州	798
广元广州	806
广州广元	806
北京晋江	817
晋江北京	817
北京锦州	836
锦州北京	836
福州贵阳	868
贵阳福州	868
长沙济南	877
济南长沙	877
北京兰州	894
兰州北京	894
长春昆明	910
昆明长春	910
成都呼和浩特	911
呼和浩特成都	911
长沙晋江	918
晋江长沙	918
广州贵阳	921
贵阳广州	921
大连哈尔滨	934
哈尔滨大连	934
福州杭州	951
杭州福州	951
北海南京	959
南京北海	959
成都晋江	974
晋江成都	974
大连吉林	1028
吉林大连	1028
重庆晋江	1029
晋江重庆	1029
福州黄山	1049
黄山福州	1049
北京宁波	1089
宁波北京	1089
福州济南	1094
济南福州	1094
长沙南京	1104
南京长沙	1104
安庆上海	1119
上海安庆	1119
广州吉林	1137
吉林广州	1137
贵阳哈尔滨	1142
哈尔滨贵阳	1142
长沙南宁	1146
南宁长沙	1146
重庆南昌	1187
南昌重庆	1187
广州晋江	1189
晋江广州	1189
长沙青岛	1204
青岛长沙	1204
海口合肥	1210
合肥海口	1210
广州昆明	1219
昆明广州	1219
贵阳济南	1245
济南贵阳	1245
大连南京	1269
南京大连	1269
海口吉林	1270
吉林海口	1270
长沙上海	1284
上海长沙	1284
广州连云港	1301
连云港广州	1301
长春揭阳潮汕	1310
揭阳潮汕长春	1310
大连南宁	1311
南宁大连	1311
广州泸州	1332
泸州广州	1332
海口昆明	1353
昆明海口	1353
杭州晋江	1365
晋江杭州	1365
重庆三亚	1366
三亚重庆	1366
长沙沈阳	1376
沈阳长沙	1376
长春深圳	1383
深圳长春	1383
福州宁波	1395
宁波福州	1395
合肥济南	1398
济南合肥	1398
安庆温州	1404
温州安庆	1404
大连齐齐哈尔	1409
齐齐哈尔大连	1409
贵阳德宏	1423
德宏贵阳	1423
合肥晋江	1433
晋江合肥	1433
贵阳南昌	1441
南昌贵阳	1441
格尔木青岛	1442
青岛格尔木	1442
杭州兰州	1444
兰州杭州	1444
常州深圳	1446
深圳常州	1446
北京通辽	1468
通辽北京	1468
丹东上海	1470
上海丹东	1470
贵阳南京	1473
南京贵阳	1473
哈尔滨兰州	1481
兰州哈尔滨	1481
福州上海	1502
上海福州	1502
济南晋江	1507
晋江济南	1507
海口南京	1512
南京海口	1512
常州太原	1518
太原常州	1518
长春温州	1530
温州长春	1530
成都石家庄	1542
石家庄成都	1542
杭州南京	1557
南京杭州	1557
晋江昆明	1576
昆明晋江	1576
桂林三亚	1586
三亚桂林	1586
大连深圳	1588
深圳大连	1588
锦州昆明	1589
昆明锦州	1589
北京武夷山	1605
武夷山北京	1605
桂林上海	1620
上海桂林	1620
北京厦门	1621
厦门北京	1621
台州南昌	1627
南昌台州	1627
昆明兰州	1656
兰州昆明	1656
长春厦门	1660
厦门长春	1660
哈尔滨宁波	1664
宁波哈尔滨	1664
大连天津	1692
天津大连	1692
济南南京	1699
南京济南	1699
晋江南昌	1701
南昌晋江	1701
昆明泸州	1713
泸州昆明	1713
北京襄樊	1716
襄樊北京	1716
晋江南京	1732
南京晋江	1732
济南南宁	1740
南宁济南	1740
福州天津	1743
天津福州	1743
贵阳沈阳	1744
沈阳贵阳	1744
桂林深圳	1759
深圳桂林	1759
北京延安	1763
延安北京	1763
昆明南京	1773
南京昆明	1773
海口沈阳	1783
沈阳海口	1783
福州温州	1788
温州福州	1788
合肥上海	1804
上海合肥	1804
成都西安	1812
西安成都	1812
长沙西双版纳	1819
西双版纳长沙	1819
大连乌鲁木齐	1820
乌鲁木齐大连	1820
黄山上海	1822
上海黄山	1822
吉林上海	1856
上海吉林	1856
哈尔滨沈阳	1862
沈阳哈尔滨	1862
北京湛江	1875
湛江北京	1875
黄山揭阳潮汕	1881
揭阳潮汕黄山	1881
济南上海	1883
上海济南	1883
海口石家庄	1884
石家庄海口	1884
南昌南京	1893
南京南昌	1893
广州武汉	1900
武汉广州	1900
兰州青岛	1908
青岛兰州	1908
北京舟山	1927
舟山北京	1927
成都宜昌	1941
宜昌成都	1941
连云港秦皇岛	1958
秦皇岛连云港	1958
昆明上海	1959
上海昆明	1959
贵阳武汉	1980
武汉贵阳	1980
呼和浩特深圳	1983
深圳呼和浩特	1983
大连徐州	1991
徐州大连	1991
南昌青岛	1993
青岛南昌	1993
吉林深圳	1996
深圳吉林	1996
重庆银川	2006
银川重庆	2006
成都湛江	2012
湛江成都	2012
大连烟台	2014
烟台大连	2014
南京青岛	2026
青岛南京	2026
北京长治	2027
长治北京	2027
柳州上海	2041
上海柳州	2041
晋江深圳	2053
深圳晋江	2053
成都中甸	2057
中甸成都	2057
牡丹江上海	2068
上海牡丹江	2068
敦煌银川	2070
银川敦煌	2070
广州襄樊	2080
襄樊广州	2080
兰州沈阳	2082
沈阳兰州	2082
哈尔滨武汉	2100
武汉哈尔滨	2100
大连郑州	2121
郑州大连	2121
黄山武汉	2149
武汉黄山	2149
哈尔滨厦门	2189
厦门哈尔滨	2189
晋江温州	2193
温州晋江	2193
海口襄樊	2198
襄樊海口	2198
济南武汉	2209
武汉济南	2209
广州张家界	2213
张家界广州	2213
济南乌鲁木齐	2248
乌鲁木齐济南	2248
合肥西安	2268
西安合肥	2268
济南武夷山	2269
武夷山济南	2269
广州中甸	2282
中甸广州	2282
济南厦门	2298
厦门济南	2298
海口永州	2317
永州海口	2317
兰州武汉	2319
武汉兰州	2319
昆明乌鲁木齐	2324
乌鲁木齐昆明	2324
宁波深圳	2326
深圳宁波	2326
哈尔滨烟台	2331
烟台哈尔滨	2331
桂林珠海	2332
珠海桂林	2332
三亚沈阳	2343
沈阳三亚	2343
贵阳中甸	2349
中甸贵阳	2349
青岛深圳	2357
深圳青岛	2357
南昌温州	2360
温州南昌	2360
晋江西安	2372
西安晋江	2372
北京长沙	2393
长沙北京	2393
兰州厦门	2407
厦门兰州	2407
青岛天津	2443
天津青岛	2443
昆明西宁	2465
西宁昆明	2465
拉萨西安	2469
西安拉萨	2469
南宁武汉	2472
武汉南宁	2472
南京乌鲁木齐	2475
乌鲁木齐南京	2475
济南银川	2479
银川济南	2479
黄山郑州	2483
郑州黄山	2483
昆明徐州	2490
徐州昆明	2490
南京武夷山	2494
武夷山南京	2494
青岛温州	2496
温州青岛	2496
上海太原	2509
太原上海	2509
北京南宁	2515
南宁北京	2515
济南郑州	2548
郑州济南	2548
北京揭阳潮汕	2550
揭阳潮汕北京	2550
成都广州	2561
广州成都	2561
上海威海	2564
威海上海	2564
晋江郑州	2570
郑州晋江	2570
三亚武汉	2579
武汉三亚	2579
宁波厦门	2594
厦门宁波	2594
晋江舟山	2600
舟山晋江	2600
北京珠海	2602
珠海北京	2602
成都长沙	2604
长沙成都	2604
大连张家界	2616
张家界大连	2616
广州太原	2619
太原广州	2619
衢州厦门	2644
厦门衢州	2644
呼伦贝尔天津	2647
天津呼伦贝尔	2647
福州张家界	2651
张家界福州	2651
台州北京	2667
北京台州	2667
昆明珠海	2669
珠海昆明	2669
上海乌鲁木齐	2670
乌鲁木齐上海	2670
揭阳潮汕武汉	2673
武汉揭阳潮汕	2673
北京郑州	2682
郑州北京	2682
拉萨中甸	2689
中甸拉萨	2689
深圳潍坊	2690
潍坊深圳	2690
南昌张家界	2694
张家界南昌	2694
沈阳武汉	2714
武汉沈阳	2714
青岛西宁	2715
西宁青岛	2715
上海厦门	2727
厦门上海	2727
重庆南宁	2738
南宁重庆	2738
沈阳乌鲁木齐	2748
乌鲁木齐沈阳	2748
桂林张家界	2756
张家界桂林	2756
九寨沟北京	2763
北京九寨沟	2763
上海西安	2775
西安上海	2775
海口常德	2780
常德海口	2780
上海襄樊	2798
襄樊上海	2798
沈阳厦门	2804
厦门沈阳	2804
南京舟山	2806
舟山南京	2806
上海徐州	2836
徐州上海	2836
桂林长沙	2843
长沙桂林	2843
上海延吉	2846
延吉上海	2846
洛阳北京	2851
北京洛阳	2851
深圳厦门	2861
厦门深圳	2861
长沙兰州	2865
兰州长沙	2865
太原武夷山	2875
武夷山太原	2875
上海宜宾	2876
宜宾上海	2876
呼和浩特太原	2881
太原呼和浩特	2881
杭州张家界	2884
张家界杭州	2884
上海宜昌	2888
宜昌上海	2888
揭阳潮汕烟台	2892
烟台揭阳潮汕	2892
天津武夷山	2904
武夷山天津	2904
温州武汉	2907
武汉温州	2907
青岛珠海	2919
珠海青岛	2919
长沙西宁	2922
西宁长沙	2922
深圳襄樊	2931
襄樊深圳	2931
合肥张家界	2950
张家界合肥	2950
潍坊厦门	2958
厦门潍坊	2958
北京昆明	2959
昆明北京	2959
温州武夷山	2960
武夷山温州	2960
杭州长沙	2975
长沙杭州	2975
太原锡林浩特	2985
锡林浩特太原	2985
万州西安	2999
西安万州	2999
昆明太原	3007
太原昆明	3007
济南张家界	3024
张家界济南	3024
海口揭阳潮汕	3041
揭阳潮汕海口	3041
北京南昌	3090
南昌北京	3090
福州兰州	3091
兰州福州	3091
合肥桂林	3097
桂林合肥	3097
万州宜昌	3102
宜昌万州	3102
成都丽江	3111
丽江成都	3111
常州昆明	3112
昆明常州	3112
太原张家界	3118
张家界太原	3118
武汉西宁	3120
西宁武汉	3120
深圳中甸	3130
中甸深圳	3130
广州兰州	3132
兰州广州	3132
乌鲁木齐西宁	3152
西宁乌鲁木齐	3152
太原郑州	3161
郑州太原	3161
武汉烟台	3170
烟台武汉	3170
天津郑州	3189
郑州天津	3189
南昌广州	3237
广州南昌	3237
南京张家界	3252
张家界南京	3252
西安西宁	3259
西宁西安	3259
绵阳广州	3265
广州绵阳	3265
三亚太原	3291
太原三亚	3291
景德镇深圳	3293
深圳景德镇	3293
乌鲁木齐郑州	3317
郑州乌鲁木齐	3317
成都济南	3337
济南成都	3337
北京青岛	3339
青岛北京	3339
南通广州	3348
广州南通	3348
武夷山舟山	3350
舟山武夷山	3350
宁波广州	3356
广州宁波	3356
成都合肥	3383
合肥成都	3383
三亚广州	3406
广州三亚	3406
厦门珠海	3417
珠海厦门	3417
南京南宁	3429
南宁南京	3429
重庆合肥	3435
合肥重庆	3435
济南兰州	3464
兰州济南	3464
宜昌张家界	3479
张家界宜昌	3479
大连合肥	3490
合肥大连	3490
沈阳张家界	3529
张家界沈阳	3529
温州天津	3545
天津温州	3545
海口厦门	3552
厦门海口	3552
南通深圳	3556
深圳南通	3556
揭阳潮汕桂林	3606
桂林揭阳潮汕	3606
九寨沟西安	3610
西安九寨沟	3610
张家界珠海	3612
珠海张家界	3612
昆明西安	3621
西安昆明	3621
北京贵阳	3623
贵阳北京	3623
温州太原	3628
太原温州	3628
杭州南昌	3635
南昌杭州	3635
武汉太原	3651
太原武汉	3651
宜昌北京	3661
北京宜昌	3661
武汉北海	3662
北海武汉	3662
南京银川	3663
银川南京	3663
济南昆明	3671
昆明济南	3671
石家庄长沙	3685
长沙石家庄	3685
广州青岛	3713
青岛广州	3713
景德镇厦门	3753
厦门景德镇	3753
杭州合肥	3757
合肥杭州	3757
哈尔滨合肥	3811
合肥哈尔滨	3811
长沙长春	3813
长春长沙	3813
洛阳昆明	3816
昆明洛阳	3816
三亚兰州	3818
兰州三亚	3818
厦门张家界	3833
张家界厦门	3833
无锡广州	3852
广州无锡	3852
徐州太原	3861
太原徐州	3861
北京齐齐哈尔	3881
齐齐哈尔北京	3881
福州重庆	3906
重庆福州	3906
厦门长沙	3917
长沙厦门	3917
南昌厦门	3924
厦门南昌	3924
昆明合肥	3959
合肥昆明	3959
北京大同	3961
大同北京	3961
厦门桂林	3966
桂林厦门	3966
南京厦门	3976
厦门南京	3976
徐州广州	3999
广州徐州	3999
常州大连	4012
大连常州	4012
呼和浩特通辽	4015
通辽呼和浩特	4015
上海西双版纳	4043
西双版纳上海	4043
锦州上海	4045
上海锦州	4045
武汉郑州	4060
郑州武汉	4060
深圳西安	4081
西安深圳	4081
丽江上海	4100
上海丽江	4100
重庆大连	4101
大连重庆	4101
南京宁波	4108
宁波南京	4108
北京杭州	4126
杭州北京	4126
乌鲁木齐敦煌	4138
敦煌乌鲁木齐	4138
南昌上海	4154
上海南昌	4154
宁波济南	4155
济南宁波	4155
郑州长沙	4158
长沙郑州	4158
深圳丽江	4160
丽江深圳	4160
海口成都	4168
成都海口	4168
济南温州	4196
温州济南	4196
珠海长沙	4201
长沙珠海	4201
宜昌深圳	4232
深圳宜昌	4232
郑州南宁	4249
南宁郑州	4249
珠海南宁	4288
南宁珠海	4288
北京安庆	4303
安庆北京	4303
郑州珠海	4306
珠海郑州	4306
连云港温州	4326
温州连云港	4326
宁波青岛	4328
青岛宁波	4328
乌鲁木齐西安	4341
西安乌鲁木齐	4341
北京北海	4359
北海北京	4359
三亚青岛	4387
青岛三亚	4387
南京温州	4423
温州南京	4423
拉萨重庆	4432
重庆拉萨	4432
南宁温州	4437
温州南宁	4437
武汉厦门	4453
厦门武汉	4453
宁波武夷山	4460
武夷山宁波	4460
长沙北海	4466
北海长沙	4466
海口广州	4472
广州海口	4472
厦门昆明	4473
昆明厦门	4473
郑州银川	4478
银川郑州	4478
南京烟台	4482
烟台南京	4482
石家庄上海	4514
上海石家庄	4514
常州广州	4541
广州常州	4541
沈阳青岛	4547
青岛沈阳	4547
济南大连	4563
大连济南	4563
北京南阳	4581
南阳北京	4581
北京襄阳	4584
襄阳北京	4584
温州合肥	4586
合肥温州	4586
郑州西安	4589
西安郑州	4589
沈阳黄山	4597
黄山沈阳	4597
重庆广州	4610
广州重庆	4610
宁波成都	4650
成都宁波	4650
大理广州	4659
广州大理	4659
大连广州	4666
广州大连	4666
武汉上海	4675
上海武汉	4675
三亚贵阳	4687
贵阳三亚	4687
厦门合肥	4701
合肥厦门	4701
三亚成都	4720
成都三亚	4720
成都长春	4738
长春成都	4738
义乌厦门	4742
厦门义乌	4742
绵阳大连	4758
大连绵阳	4758
上海长春	4810
长春上海	4810
济南杭州	4817
杭州济南	4817
柳州广州	4823
广州柳州	4823
烟台合肥	4856
合肥烟台	4856
福州厦门	4871
厦门福州	4871
秦皇岛大连	4899
大连秦皇岛	4899
沈阳长春	4914
长春沈阳	4914
南昌福州	4962
福州南昌	4962
大连长沙	4985
长沙大连	4985
郑州上海	5004
上海郑州	5004
深圳哈尔滨	5008
哈尔滨深圳	5008
合肥广州	5034
广州合肥	5034
大理成都	5047
成都大理	5047
海口郑州	5070
郑州海口	5070
海口长春	5087
长春海口	5087
北京福州	5107
福州北京	5107
桂林重庆	5109
重庆桂林	5109
台州上海	5127
上海台州	5127
黄山广州	5128
广州黄山	5128
烟台温州	5144
温州烟台	5144
威海哈尔滨	5155
哈尔滨威海	5155
深圳沈阳	5157
沈阳深圳	5157
海口重庆	5160
重庆海口	5160
济南广州	5168
广州济南	5168
临沂青岛	5214
青岛临沂	5214
临沂广州	5301
广州临沂	5301
温州沈阳	5311
沈阳温州	5311
杭州温州	5338
温州杭州	5338
合肥长沙	5345
长沙合肥	5345
北京呼伦贝尔	5373
呼伦贝尔北京	5373
南京广州	5375
广州南京	5375
南宁广州	5417
广州南宁	5417
海口大连	5438
大连海口	5438
张家界上海	5467
上海张家界	5467
厦门广州	5472
广州厦门	5472
成都九寨沟	5475
九寨沟成都	5475
南京郑州	5498
郑州南京	5498
太原北京	5542
北京太原	5542
上海广州	5558
广州上海	5558
昆明成都	5573
成都昆明	5573
太原西安	5582
西安太原	5582
烟台延吉	5589
延吉烟台	5589
北京成都	5609
成都北京	5609
沈阳广州	5647
广州沈阳	5647
德宏成都	5692
成都德宏	5692
南昌成都	5698
成都南昌	5698
北京桂林	5739
桂林北京	5739
南京成都	5745
成都南京	5745
石家庄广州	5751
广州石家庄	5751
贵阳杭州	5780
杭州贵阳	5780
厦门温州	5815
温州厦门	5815
牡丹江大连	5829
大连牡丹江	5829
深圳郑州	5834
郑州深圳	5834
桂林哈尔滨	5835
哈尔滨桂林	5835
哈尔滨杭州	5887
杭州哈尔滨	5887
延吉沈阳	5894
沈阳延吉	5894
烟台沈阳	5911
沈阳烟台	5911
北京绵阳	5921
绵阳北京	5921
兰州上海	5941
上海兰州	5941
呼和浩特包头	5942
包头呼和浩特	5942
三亚丹东	5976
丹东三亚	5976
贵阳西双版纳	6001
西双版纳贵阳	6001
南京福州	6020
福州南京	6020
天津重庆	6022
重庆天津	6022
北京南通	6040
南通北京	6040
武夷山郑州	6059
郑州武夷山	6059
南宁福州	6062
福州南宁	6062
桂林昆明	6073
昆明桂林	6073
太原包头	6087
包头太原	6087
天津长沙	6089
长沙天津	6089
运城郑州	6096
郑州运城	6096
锡林浩特赤峰	6100
赤峰锡林浩特	6100
阿尔山呼伦贝尔	6111
呼伦贝尔阿尔山	6111
天津邯郸	6123
邯郸天津	6123
太原长治	6127
长治太原	6127
郑州广州	6134
广州郑州	6134
西安长春	6144
长春西安	6144
运城大同	6147
大同运城	6147
太原成都	6148
成都太原	6148
乌鲁木齐重庆	6150
重庆乌鲁木齐	6150
通辽鄂尔多斯	6158
鄂尔多斯通辽	6158
宜昌广州	6166
广州宜昌	6166
天津合肥	6183
合肥天津	6183
锡林浩特二连浩特	6184
二连浩特锡林浩特	6184
乌兰浩特呼和浩特	6203
呼和浩特乌兰浩特	6203
青岛海口	6205
海口青岛	6205
昆明台州	6207
台州昆明	6207
通辽呼伦贝尔	6217
呼伦贝尔通辽	6217
张家界重庆	6238
重庆张家界	6238
烟台长春	6259
长春烟台	6259
温州常州	6263
常州温州	6263
唐山石家庄	6288
石家庄唐山	6288
武汉常州	6305
常州武汉	6305
天津南京	6306
南京天津	6306
济南南昌	6316
南昌济南	6316
温州大连	6345
大连温州	6345
厦门成都	6358
成都厦门	6358
昆明南昌	6369
南昌昆明	6369
南宁兴义	6373
兴义南宁	6373
武汉大连	6387
大连武汉	6387
太原福州	6417
福州太原	6417
烟台长沙	6418
长沙烟台	6418
张家口石家庄	6445
石家庄张家口	6445
沈阳合肥	6459
合肥沈阳	6459
拉萨昆明	6462
昆明拉萨	6462
徐州成都	6481
成都徐州	6481
太原海口	6494
海口太原	6494
上海哈尔滨	6499
哈尔滨上海	6499
深圳合肥	6512
合肥深圳	6512
天津海口	6522
海口天津	6522
兰州桂林	6536
桂林兰州	6536
天津常德	6549
常德天津	6549
珠海海口	6554
海口珠海	6554
深圳杭州	6556
杭州深圳	6556
上海泉州	6561
泉州上海	6561
上海淮安	6580
淮安上海	6580
广州包头	6586
包头广州	6586
常德广州	6588
广州常德	6588
运城广州	6610
广州运城	6610
延吉大连	6616
大连延吉	6616
银川大连	6620
大连银川	6620
怀化广州	6626
广州怀化	6626
广州安顺	6633
安顺广州	6633
西安张家界	6642
张家界西安	6642
通辽郑州	6654
郑州通辽	6654
天津长治	6666
长治天津	6666
银川鄂尔多斯	6687
鄂尔多斯银川	6687
西安安康	6691
安康西安	6691
北京包头	6705
包头北京	6705
乌鲁木齐合肥	6741
合肥乌鲁木齐	6741
天津哈尔滨	6744
哈尔滨天津	6744
张家界郑州	6748
郑州张家界	6748
珠海梧州	6750
梧州珠海	6750
青岛桂林	6758
桂林青岛	6758
鄂尔多斯成都	6772
成都鄂尔多斯	6772
珠海大连	6778
大连珠海	6778
乌鲁木齐杭州	6786
杭州乌鲁木齐	6786
武汉北京	6813
北京武汉	6813
徐州海口	6826
海口徐州	6826
济南沈阳	6831
沈阳济南	6831
桂林广州	6838
广州桂林	6838
北京广州	6841
广州北京	6841
天津西双版纳	6858
西双版纳天津	6858
济南西安	6869
西安济南	6869
宜昌海口	6875
海口宜昌	6875
武汉兴义	6884
兴义武汉	6884
深圳昆明	6893
昆明深圳	6893
佛山重庆	6904
重庆佛山	6904
黄山济南	6917
济南黄山	6917
武汉银川	6918
银川武汉	6918
上海拉萨	6929
拉萨上海	6929
石家庄昆明	6931
昆明石家庄	6931
海口包头	6933
包头海口	6933
北京鄂尔多斯	6941
鄂尔多斯北京	6941
上海洛阳	6944
洛阳上海	6944
乌鲁木齐银川	6946
银川乌鲁木齐	6946
天津常州	6950
常州天津	6950
西安哈尔滨	6957
哈尔滨西安	6957
徐州杭州	6960
杭州徐州	6960
银川包头	6962
包头银川	6962
厦门舟山	6971
舟山厦门	6971
银川杭州	6979
杭州银川	6979
上海泸州	6988
泸州上海	6988
深圳兰州	7016
兰州深圳	7016
北京重庆	7035
重庆北京	7035
通辽大连	7062
大连通辽	7062
天津鄂尔多斯	7067
鄂尔多斯天津	7067
成都郑州	7094
郑州成都	7094
揭阳潮汕宁波	7096
宁波揭阳潮汕	7096
青岛上海	7112
上海青岛	7112
厦门井冈山	7117
井冈山厦门	7117
秦皇岛上海	7123
上海秦皇岛	7123
敦煌郑州	7127
郑州敦煌	7127
珠海杭州	7142
杭州珠海	7142
常州重庆	7145
重庆常州	7145
三亚上海	7151
上海三亚	7151
厦门连城	7175
连城厦门	7175
赣州景德镇	7204
景德镇赣州	7204
合肥阜阳	7206
阜阳合肥	7206
迪庆广州	7218
广州迪庆	7218
青岛揭阳潮汕	7221
揭阳潮汕青岛	7221
厦门贵阳	7223
贵阳厦门	7223
珠海哈尔滨	7224
哈尔滨珠海	7224
桂林成都	7228
成都桂林	7228
深圳南宁	7235
南宁深圳	7235
石家庄南京	7238
南京石家庄	7238
温州临沂	7241
临沂温州	7241
运城福州	7248
福州运城	7248
西安贵阳	7255
贵阳西安	7255
北京丹东	7260
丹东北京	7260
沈阳上海	7276
上海沈阳	7276
桂林常州	7277
常州桂林	7277
丽江广州	7281
广州丽江	7281
南宁常州	7309
常州南宁	7309
济南临沂	7319
临沂济南	7319
杭州广州	7345
广州杭州	7345
济南石家庄	7355
石家庄济南	7355
珠海常州	7360
常州珠海	7360
榆林郑州	7370
郑州榆林	7370
西安长治	7371
长治西安	7371
武汉南京	7390
南京武汉	7390
杭州包头	7392
包头杭州	7392
南昌合肥	7401
合肥南昌	7401
威海大连	7404
大连威海	7404
贵阳郑州	7406
郑州贵阳	7406
湛江昆明	7414
昆明湛江	7414
南阳成都	7423
成都南阳	7423
青岛济宁	7429
济宁青岛	7429
北京张家界	7454
张家界北京	7454
敦煌成都	7455
成都敦煌	7455
台州广州	7459
广州台州	7459
武夷山福州	7460
福州武夷山	7460
运城杭州	7462
杭州运城	7462
深圳敦煌	7488
敦煌深圳	7488
青岛秦皇岛	7495
秦皇岛青岛	7495
西安长沙	7497
长沙西安	7497
西双版纳重庆	7498
重庆西双版纳	7498
深圳鄂尔多斯	7514
鄂尔多斯深圳	7514
西安南京	7516
南京西安	7516
东营郑州	7532
郑州东营	7532
敦煌大连	7541
大连敦煌	7541
桂林海口	7559
海口桂林	7559
温州舟山	7561
舟山温州	7561
武夷山上海	7579
上海武夷山	7579
丽江长沙	7583
长沙丽江	7583
武夷山连城	7596
连城武夷山	7596
深圳福州	7606
福州深圳	7606
深圳北海	7608
北海深圳	7608
南充成都	7612
成都南充	7612
威海济南	7633
济南威海	7633
宜昌南京	7642
南京宜昌	7642
西昌北京	7645
北京西昌	7645
西双版纳成都	7646
成都西双版纳	7646
西安常州	7648
常州西安	7648
福州长治	7653
长治福州	7653
徐州连云港	7658
连云港徐州	7658
深圳广元	7660
广元深圳	7660
天津南昌	7671
南昌天津	7671
厦门重庆	7675
重庆厦门	7675
洛阳广州	7684
广州洛阳	7684
烟台连云港	7690
连云港烟台	7690
盐城南通	7693
南通盐城	7693
兰州鄂尔多斯	7696
鄂尔多斯兰州	7696
桂林杭州	7701
杭州桂林	7701
杭州成都	7705
成都杭州	7705
温州乌鲁木齐	7710
乌鲁木齐温州	7710
淮安广州	7716
广州淮安	7716
丽江常州	7736
常州丽江	7736
南宁杭州	7742
杭州南宁	7742
烟台济南	7745
济南烟台	7745
洛阳海口	7756
海口洛阳	7756
常州成都	7772
成都常州	7772
北京连云港	7773
连云港北京	7773
厦门青岛	7776
青岛厦门	7776
北京临沂	7786
临沂北京	7786
锦州大连	7805
大连锦州	7805
沈阳赤峰	7811
赤峰沈阳	7811
昆明达州	7824
达州昆明	7824
烟台西安	7827
西安烟台	7827
宜昌西安	7843
西安宜昌	7843
运城贵阳	7850
贵阳运城	7850
银川呼和浩特	7851
呼和浩特银川	7851
桂林福州	7857
福州桂林	7857
丽江重庆	7875
重庆丽江	7875
太原贵阳	7878
贵阳太原	7878
天津洛阳	7880
洛阳天津	7880
齐齐哈尔广州	7882
广州齐齐哈尔	7882
兰州呼和浩特	7902
呼和浩特兰州	7902
珠海台州	7915
台州珠海	7915
南宁井冈山	7925
井冈山南宁	7925
宜昌济南	7945
济南宜昌	7945
丽江福州	7950
福州丽江	7950
泉州重庆	7963
重庆泉州	7963
青岛郑州	7970
郑州青岛	7970
青岛长春	7974
长春青岛	7974
西安呼和浩特	7978
呼和浩特西安	7978
天津绵阳	7982
绵阳天津	7982
桂林南昌	7989
南昌桂林	7989
泉州长沙	8017
长沙泉州	8017
武汉台州	8023
台州武汉	8023
淮安长沙	8033
长沙淮安	8033
义乌郑州	8041
郑州义乌	8041
潍坊重庆	8045
重庆潍坊	8045
上海大同	8051
大同上海	8051
太原绵阳	8068
绵阳太原	8068
哈尔滨海口	8072
海口哈尔滨	8072
无锡重庆	8077
重庆无锡	8077
武汉深圳	8086
深圳武汉	8086
黄山长沙	8090
长沙黄山	8090
武夷山重庆	8091
重庆武夷山	8091
揭阳潮汕郑州	8097
郑州揭阳潮汕	8097
宜昌重庆	8104
重庆宜昌	8104
无锡北京	8106
北京无锡	8106
唐山上海	8109
上海唐山	8109
大连包头	8115
包头大连	8115
青岛成都	8117
成都青岛	8117
武汉济宁	8131
济宁武汉	8131
徐州重庆	8144
重庆徐州	8144
珠海武汉	8153
武汉珠海	8153
泉州常州	8167
常州泉州	8167
天津广州	8179
广州天津	8179
上海鄂尔多斯	8183
鄂尔多斯上海	8183
上海大连	8188
大连上海	8188
北京牡丹江	8194
牡丹江北京	8194
巴彦淖尔北京	8203
北京巴彦淖尔	8203
济南海口	8207
海口济南	8207
赣州海口	8211
海口赣州	8211
通辽沈阳	8216
沈阳通辽	8216
运城上海	8228
上海运城	8228
温州广州	8232
广州温州	8232
济宁海口	8243
海口济宁	8243
宜宾昆明	8245
昆明宜宾	8245
湛江贵阳	8260
贵阳湛江	8260
运城沈阳	8264
沈阳运城	8264
揭阳潮汕长沙	8267
长沙揭阳潮汕	8267
连云港海口	8269
海口连云港	8269
深圳重庆	8272
重庆深圳	8272
宁波大连	8281
大连宁波	8281
兰州海口	8297
海口兰州	8297
天津通辽	8298
通辽天津	8298
黄山大连	8306
大连黄山	8306
西安济宁	8323
济宁西安	8323
赤峰包头	8343
包头赤峰	8343
赣州杭州	8348
杭州赣州	8348
运城深圳	8357
深圳运城	8357
上海邯郸	8366
邯郸上海	8366
沈阳郑州	8384
郑州沈阳	8384
深圳泸州	8387
泸州深圳	8387
上海呼和浩特	8393
呼和浩特上海	8393
淮安福州	8395
福州淮安	8395
西双版纳广州	8414
广州西双版纳	8414
武汉连云港	8419
连云港武汉	8419
昆明黔江	8440
黔江昆明	8440
青岛福州	8446
福州青岛	8446
运城武汉	8457
武汉运城	8457
西宁广州	8464
广州西宁	8464
昆明哈尔滨	8471
哈尔滨昆明	8471
运城厦门	8478
厦门运城	8478
宁波海口	8489
海口宁波	8489
无锡福州	8490
福州无锡	8490
三亚福州	8491
福州三亚	8491
深圳丹东	8493
丹东深圳	8493
盐城广州	8505
广州盐城	8505
深圳北京	8511
北京深圳	8511
厦门济宁	8517
济宁厦门	8517
昆明凯里	8538
凯里昆明	8538
西安丽江	8551
丽江西安	8551
徐州福州	8555
福州徐州	8555
襄阳南京	8557
南京襄阳	8557
乌鲁木齐长沙	8574
长沙乌鲁木齐	8574
白山大连	8578
大连白山	8578
天津杭州	8582
杭州天津	8582
泉州杭州	8584
杭州泉州	8584
石家庄大连	8585
大连石家庄	8585
太原大同	8587
大同太原	8587
哈尔滨常州	8589
常州哈尔滨	8589
青岛合肥	8605
合肥青岛	8605
西安临沂	8623
临沂西安	8623
深圳张家界	8663
张家界深圳	8663
义乌海口	8679
海口义乌	8679
威海杭州	8680
杭州威海	8680
三亚杭州	8699
杭州三亚	8699
鸡西大连	8700
大连鸡西	8700
西安宁波	8703
宁波西安	8703
武汉秦皇岛	8707
秦皇岛武汉	8707
上海九江	8708
九江上海	8708
贵阳海口	8720
海口贵阳	8720
西安南宁	8722
南宁西安	8722
沈阳大同	8724
大同沈阳	8724
沈阳常州	8725
常州沈阳	8725
青岛哈尔滨	8743
哈尔滨青岛	8743
武汉石家庄	8750
石家庄武汉	8750
天津包头	8759
包头天津	8759
运城太原	8771
太原运城	8771
厦门洛阳	8778
洛阳厦门	8778
长沙重庆	8790
重庆长沙	8790
湛江重庆	8806
重庆湛江	8806
遵义海口	8815
海口遵义	8815
珠海义乌	8838
义乌珠海	8838
武汉福州	8854
福州武汉	8854
西宁沈阳	8861
沈阳西宁	8861
唐山广州	8870
广州唐山	8870
湛江武汉	8875
武汉湛江	8875
西安敦煌	8885
敦煌西安	8885
北京南京	8889
南京北京	8889
温州海口	8893
海口温州	8893
上海贵阳	8913
贵阳上海	8913
宁波昆明	8922
昆明宁波	8922
无锡济宁	8929
济宁无锡	8929
武汉海口	8936
海口武汉	8936
南京桂林	8937
桂林南京	8937
北京长春	8945
长春北京	8945
北京赤峰	8956
赤峰北京	8956
宜昌宜宾	8964
宜宾宜昌	8964
广州安庆	8965
安庆广州	8965
乌鲁木齐海口	8972
海口乌鲁木齐	8972
西安福州	8976
福州西安	8976
南京兰州	8977
兰州南京	8977
厦门南通	8981
南通厦门	8981
无锡南昌	8983
南昌无锡	8983
广州兴义	8994
兴义广州	8994
深圳台州	9000
台州深圳	9000
西安格尔木	9008
格尔木西安	9008
青岛贵阳	9009
贵阳青岛	9009
西宁太原	9019
太原西宁	9019
南宁贵阳	9028
贵阳南宁	9028
深圳井冈山	9046
井冈山深圳	9046
佳木斯杭州	9047
杭州佳木斯	9047
阿里喀什	9074
喀什阿里	9074
青岛洛阳	9077
洛阳青岛	9077
烟台南昌	9079
南昌烟台	9079
烟台福州	9091
福州烟台	9091
无锡桂林	9109
桂林无锡	9109
厦门石家庄	9123
石家庄厦门	9123
上海南充	9127
南充上海	9127
黄山深圳	9129
深圳黄山	9129
宁波临沂	9130
临沂宁波	9130
温州贵阳	9137
贵阳温州	9137
上海白山	9140
白山上海	9140
揭阳潮汕贵阳	9144
贵阳揭阳潮汕	9144
上海齐齐哈尔	9150
齐齐哈尔上海	9150
深圳南昌	9153
南昌深圳	9153
徐州贵阳	9159
贵阳徐州	9159
威海洛阳	9184
洛阳威海	9184
深圳兴义	9188
兴义深圳	9188
乌鲁木齐哈尔滨	9189
哈尔滨乌鲁木齐	9189
青岛牡丹江	9192
牡丹江青岛	9192
义乌贵阳	9203
贵阳义乌	9203
深圳贵阳	9223
贵阳深圳	9223
延安重庆	9224
重庆延安	9224
兰州庆阳	9227
庆阳兰州	9227
郑州包头	9247
包头郑州	9247
温州柳州	9266
柳州温州	9266
三亚宁波	9281
宁波三亚	9281
广州北海	9283
北海广州	9283
天津成都	9285
成都天津	9285
济南三亚	9291
三亚济南	9291
福州长沙	9295
长沙福州	9295
昆明兴义	9301
兴义昆明	9301
洛阳包头	9302
包头洛阳	9302
北京二连浩特	9313
二连浩特北京	9313
厦门万州	9326
万州厦门	9326
义乌临沂	9333
临沂义乌	9333
运城成都	9345
成都运城	9345
天水西安	9347
西安天水	9347
三亚北京	9351
北京三亚	9351
西安北京	9356
北京西安	9356
黄山北京	9366
北京黄山	9366
西安嘉峪关	9367
嘉峪关西安	9367
太原兰州	9369
兰州太原	9369
深圳永州	9375
永州深圳	9375
上海北京	9377
北京上海	9377
徐州宁波	9378
宁波徐州	9378
张家界成都	9387
成都张家界	9387
沈阳济宁	9395
济宁沈阳	9395
烟台宁波	9412
宁波烟台	9412
揭阳潮汕南宁	9413
南宁揭阳潮汕	9413
沈阳南京	9421
南京沈阳	9421
丽江昆明	9424
昆明丽江	9424
天津张家界	9427
张家界天津	9427
温州南通	9430
南通温州	9430
沈阳南宁	9445
南宁沈阳	9445
温州兰州	9449
兰州温州	9449
张家界常州	9457
常州张家界	9457
北京常德	9463
常德北京	9463
北京呼和浩特	9465
呼和浩特北京	9465
呼和浩特海口	9469
海口呼和浩特	9469
徐州北京	9481
北京徐州	9481
威海沈阳	9482
沈阳威海	9482
义乌南通	9494
南通义乌	9494
宜春北京	9505
北京宜春	9505
扬州北京	9507
北京扬州	9507
合肥郑州	9519
郑州合肥	9519
无锡石家庄	9544
石家庄无锡	9544
无锡揭阳潮汕	9559
揭阳潮汕无锡	9559
万州南京	9566
南京万州	9566
昆明包头	9586
包头昆明	9586
天津呼和浩特	9589
呼和浩特天津	9589
石家庄合肥	9593
合肥石家庄	9593
深圳上海	9599
上海深圳	9599
兰州银川	9606
银川兰州	9606
宜昌昆明	9632
昆明宜昌	9632
厦门安庆	9642
安庆厦门	9642
揭阳潮汕成都	9652
成都揭阳潮汕	9652
万州北京	9664
北京万州	9664
合肥福州	9667
福州合肥	9667
威海北京	9668
北京威海	9668
温州北京	9674
北京温州	9674
深圳石家庄	9689
石家庄深圳	9689
沈阳临沂	9694
临沂沈阳	9694
无锡温州	9695
温州无锡	9695
珠海南昌	9712
南昌珠海	9712
义乌深圳	9714
深圳义乌	9714
天津沈阳	9723
沈阳天津	9723
青岛大连	9736
大连青岛	9736
北京井冈山	9740
井冈山北京	9740
上海舟山	9743
舟山上海	9743
北京九江	9764
九江北京	9764
洛阳成都	9765
成都洛阳	9765
徐州武汉	9766
武汉徐州	9766
沈阳宁波	9774
宁波沈阳	9774
北京黔江	9777
黔江北京	9777
北京济宁	9795
济宁北京	9795
太原杭州	9797
杭州太原	9797
义乌乌鲁木齐	9799
乌鲁木齐义乌	9799
宁波南昌	9802
南昌宁波	9802
扬州厦门	9805
厦门扬州	9805
潍坊大连	9807
大连潍坊	9807
太原青岛	9808
青岛太原	9808
济南包头	9813
包头济南	9813
遵义三亚	9826
三亚遵义	9826
南京包头	9829
包头南京	9829
大理重庆	9832
重庆大理	9832
福州郑州	9836
郑州福州	9836
天津银川	9840
银川天津	9840
沈阳满洲里	9845
满洲里沈阳	9845
福州长春	9862
长春福州	9862
兰州成都	9876
成都兰州	9876
上海兴义	9889
兴义上海	9889
武夷山西安	9901
西安武夷山	9901
上海北海	9916
北海上海	9916
天津泉州	9920
泉州天津	9920
桂林呼和浩特	9925
呼和浩特桂林	9925
武汉青岛	9933
青岛武汉	9933
贵阳兴义	9940
兴义贵阳	9940
深圳阜阳	9944
阜阳深圳	9944
无锡深圳	9961
深圳无锡	9961
迪庆成都	9967
成都迪庆	9967
西安大同	9985
大同西安	9985
深圳海口	9996
海口深圳	9996
武汉乌鲁木齐	9998
乌鲁木齐武汉	9998
昭通重庆	10003
重庆昭通	10003
东营重庆	10014
重庆东营	10014
烟台上海	10019
上海烟台	10019
阜阳重庆	10022
重庆阜阳	10022
天津赣州	10033
赣州天津	10033
珠海南京	10044
南京珠海	10044
哈尔滨广州	10048
广州哈尔滨	10048
深圳赣州	10052
赣州深圳	10052
银川福州	10055
福州银川	10055
北京拉萨	10056
拉萨北京	10056
厦门天津	10061
天津厦门	10061
福州成都	10063
成都福州	10063
盐城南京	10069
南京盐城	10069
厦门太原	10078
太原厦门	10078
运城昆明	10079
昆明运城	10079
西宁鄂尔多斯	10084
鄂尔多斯西宁	10084
厦门乌鲁木齐	10090
乌鲁木齐厦门	10090
阿里拉萨	10094
拉萨阿里	10094
西安鄂尔多斯	10100
鄂尔多斯西安	10100
南宁昆明	10110
昆明南宁	10110
哈尔滨郑州	10116
郑州哈尔滨	10116
北京南充	10137
南充北京	10137
上海长治	10142
长治上海	10142
柳州杭州	10148
杭州柳州	10148
宜宾深圳	10151
深圳宜宾	10151
福州大连	10154
大连福州	10154
杭州重庆	10163
重庆杭州	10163
太原桂林	10171
桂林太原	10171
西宁温州	10175
温州西宁	10175
北京哈尔滨	10181
哈尔滨北京	10181
石家庄绵阳	10191
绵阳石家庄	10191
厦门常州	10192
常州厦门	10192
天津连云港	10196
连云港天津	10196
西安重庆	10208
重庆西安	10208
天津上海	10210
上海天津	10210
济南长春	10212
长春济南	10212
哈尔滨重庆	10223
重庆哈尔滨	10223
昆明鄂尔多斯	10228
鄂尔多斯昆明	10228
太原丽江	10237
丽江太原	10237
景德镇成都	10240
成都景德镇	10240
哈尔滨长沙	10261
长沙哈尔滨	10261
加格达奇呼伦贝尔	10271
呼伦贝尔加格达奇	10271
连云港成都	10280
成都连云港	10280
天津宁波	10281
宁波天津	10281
台州重庆	10288
重庆台州	10288
天津南宁	10297
南宁天津	10297
昆明郑州	10299
郑州昆明	10299
成都包头	10301
包头成都	10301
兰州郑州	10308
郑州兰州	10308
贵阳大连	10312
大连贵阳	10312
青岛重庆	10316
重庆青岛	10316
南宁南昌	10320
南昌南宁	10320
榆林海口	10322
海口榆林	10322
温州郑州	10330
郑州温州	10330
牡丹江广州	10340
广州牡丹江	10340
南昌鄂尔多斯	10349
鄂尔多斯南昌	10349
银川哈尔滨	10356
哈尔滨银川	10356
北京衢州	10362
衢州北京	10362
深圳济宁	10364
济宁深圳	10364
深圳衢州	10371
衢州深圳	10371
太原南京	10390
南京太原	10390
重庆郑州	10392
郑州重庆	10392
石家庄沈阳	10395
沈阳石家庄	10395
西安兰州	10399
兰州西安	10399
厦门阜阳	10406
阜阳厦门	10406
杭州鄂尔多斯	10409
鄂尔多斯杭州	10409
昆明呼和浩特	10413
呼和浩特昆明	10413
运城北京	10430
北京运城	10430
海口福州	10432
福州海口	10432
太原银川	10435
银川太原	10435
西安淮安	10441
淮安西安	10441
天津西安	10458
西安天津	10458
湛江海口	10465
海口湛江	10465
泉州成都	10466
成都泉州	10466
南昌海口	10478
海口南昌	10478
珠海贵阳	10485
贵阳珠海	10485
重庆长治	10488
长治重庆	10488
西安哈密	10492
哈密西安	10492
昆明杭州	10506
杭州昆明	10506
武汉杭州	10508
杭州武汉	10508
乌海西安	10511
西安乌海	10511
长春郑州	10525
郑州长春	10525
上海东营	10532
东营上海	10532
南昌呼和浩特	10534
呼和浩特南昌	10534
黄山成都	10540
成都黄山	10540
太原沈阳	10555
沈阳太原	10555
西安景德镇	10570
景德镇西安	10570
武汉桂林	10573
桂林武汉	10573
潍坊上海	10579
上海潍坊	10579
无锡成都	10586
成都无锡	10586
杭州呼和浩特	10591
呼和浩特杭州	10591
北京柳州	10595
柳州北京	10595
昆明大连	10604
大连昆明	10604
宁波重庆	10605
重庆宁波	10605
太原深圳	10617
深圳太原	10617
武汉宁波	10621
宁波武汉	10621
兰州大连	10639
大连兰州	10639
深圳临沂	10644
临沂深圳	10644
南宁成都	10645
成都南宁	10645
太原济南	10672
济南太原	10672
洛阳大连	10673
大连洛阳	10673
深圳常德	10688
常德深圳	10688
深圳绵阳	10692
绵阳深圳	10692
义乌成都	10700
成都义乌	10700
兰州张家界	10727
张家界兰州	10727
武夷山深圳	10734
深圳武夷山	10734
万州广州	10745
广州万州	10745
揭阳潮汕重庆	10773
重庆揭阳潮汕	10773
腾冲成都	10787
成都腾冲	10787
厦门九江	10790
九江厦门	10790
宜昌宁波	10818
宁波宜昌	10818
上海呼伦贝尔	10831
呼伦贝尔上海	10831
丽江桂林	10857
桂林丽江	10857
温州阜阳	10862
阜阳温州	10862
济南哈尔滨	10878
哈尔滨济南	10878
太原重庆	10879
重庆太原	10879
怀化长沙	10885
长沙怀化	10885
沈阳重庆	10896
重庆沈阳	10896
巴彦淖尔呼和浩特	10910
呼和浩特巴彦淖尔	10910
天津石家庄	10912
石家庄天津	10912
乌鲁木齐广州	10920
广州乌鲁木齐	10920
深圳三亚	10935
三亚深圳	10935
义乌揭阳潮汕	10947
揭阳潮汕义乌	10947
大庆大连	10956
大连大庆	10956
西安广州	10963
广州西安	10963
西安绵阳	10966
绵阳西安	10966
潍坊杭州	10985
杭州潍坊	10985
天津赤峰	10987
赤峰天津	10987
青岛台州	11020
台州青岛	11020
西宁北京	11025
北京西宁	11025
佳木斯大连	11036
大连佳木斯	11036
天津大同	11039
大同天津	11039
泉州舟山	11041
舟山泉州	11041
宜宾广州	11042
广州宜宾	11042
沈阳成都	11050
成都沈阳	11050
宜昌三亚	11058
三亚宜昌	11058
厦门柳州	11093
柳州厦门	11093
贵阳呼和浩特	11094
呼和浩特贵阳	11094
银川广州	11123
广州银川	11123
西双版纳郑州	11124
郑州西双版纳	11124
青岛锦州	11142
锦州青岛	11142
南宁海口	11148
海口南宁	11148
济南桂林	11156
桂林济南	11156
西宁三亚	11175
三亚西宁	11175
上海济宁	11182
济宁上海	11182
天津济宁	11190
济宁天津	11190
乌鲁木齐成都	11206
成都乌鲁木齐	11206
沈阳呼和浩特	11231
呼和浩特沈阳	11231
桂林贵阳	11237
贵阳桂林	11237
丽江贵阳	11264
贵阳丽江	11264
上海赣州	11287
赣州上海	11287
北京兴义	11289
兴义北京	11289
深圳柳州	11326
柳州深圳	11326
厦门大连	11335
大连厦门	11335
银川长沙	11345
长沙银川	11345
柳州贵阳	11357
贵阳柳州	11357
锦州杭州	11367
杭州锦州	11367
上海绵阳	11389
绵阳上海	11389
上海银川	11402
银川上海	11402
乌鲁木齐福州	11403
福州乌鲁木齐	11403
湛江三亚	11417
三亚湛江	11417
宁波桂林	11442
桂林宁波	11442
金昌嘉峪关	11445
嘉峪关金昌	11445
青岛齐齐哈尔	11479
齐齐哈尔青岛	11479
昆明安顺	11520
安顺昆明	11520
厦门襄阳	11529
襄阳厦门	11529
石家庄银川	11530
银川石家庄	11530
昆明毕节	11531
毕节昆明	11531
揭阳潮汕昆明	11534
昆明揭阳潮汕	11534
济南揭阳潮汕	11536
揭阳潮汕济南	11536
榆林呼和浩特	11539
呼和浩特榆林	11539
威海南京	11588
南京威海	11588
潍坊北京	11645
北京潍坊	11645
广州毕节	11646
毕节广州	11646
西安包头	11651
包头西安	11651
深圳连城	11661
连城深圳	11661
梧州贵阳	11674
贵阳梧州	11674
德宏昆明	11682
昆明德宏	11682
运城重庆	11696
重庆运城	11696
珠海三亚	11708
三亚珠海	11708
西宁杭州	11714
杭州西宁	11714
运城长沙	11757
长沙运城	11757
无锡沈阳	11765
沈阳无锡	11765
温州昆明	11771
昆明温州	11771
厦门赣州	11775
赣州厦门	11775
武汉昆明	11794
昆明武汉	11794
沈阳绵阳	11795
绵阳沈阳	11795
温州桂林	11823
桂林温州	11823
桂林郑州	11874
郑州桂林	11874
武汉包头	11880
包头武汉	11880
三亚西安	11891
西安三亚	11891
深圳南京	11892
南京深圳	11892
烟台石家庄	11893
石家庄烟台	11893
三亚石家庄	11894
石家庄三亚	11894
揭阳潮汕上海	11902
上海揭阳潮汕	11902
扬州三亚	11908
三亚扬州	11908
徐州深圳	11913
深圳徐州	11913
乌鲁木齐桂林	11924
桂林乌鲁木齐	11924
揭阳潮汕沈阳	11949
沈阳揭阳潮汕	11949
乌鲁木齐兰州	11957
兰州乌鲁木齐	11957
太原大连	11987
大连太原	11987
天津阜阳	12011
阜阳天津	12011
扬州武汉	12021
武汉扬州	12021
盐城武汉	12027
武汉盐城	12027
上海连云港	12035
连云港上海	12035
上海宁波	12047
宁波上海	12047
上海南京	12049
南京上海	12049
乌海北京	12105
北京乌海	12105
北京哈密	12115
哈密北京	12115
运城海口	12125
海口运城	12125
重庆兴义	12141
兴义重庆	12141
厦门南宁	12170
南宁厦门	12170
珠海成都	12193
成都珠海	12193
西宁郑州	12200
郑州西宁	12200
天津深圳	12208
深圳天津	12208
泉州广州	12210
广州泉州	12210
温州石家庄	12211
石家庄温州	12211
柳州成都	12214
成都柳州	12214
达州成都	12222
成都达州	12222
温州三亚	12226
三亚温州	12226
深圳成都	12233
成都深圳	12233
上海阜阳	12243
阜阳上海	12243
康定成都	12248
成都康定	12248
襄阳成都	12285
成都襄阳	12285
珠海兰州	12302
兰州珠海	12302
烟台临沂	12310
临沂烟台	12310
淮安大连	12331
大连淮安	12331
厦门西安	12342
西安厦门	12342
乌鲁木齐深圳	12345
深圳乌鲁木齐	12345
丽江郑州	12347
郑州丽江	12347
厦门三亚	12349
三亚厦门	12349
无锡长沙	12354
长沙无锡	12354
北京库尔勒	12365
库尔勒北京	12365
珠海福州	12379
福州珠海	12379
迪庆重庆	12399
重庆迪庆	12399
烟台郑州	12413
郑州烟台	12413
天津昆明	12452
昆明天津	12452
宜宾西安	12453
西安宜宾	12453
德宏重庆	12455
重庆德宏	12455
武夷山杭州	12472
杭州武夷山	12472
太原南昌	12495
南昌太原	12495
揭阳潮汕合肥	12516
合肥揭阳潮汕	12516
上海鞍山	12518
鞍山上海	12518
昆明长沙	12519
长沙昆明	12519
天津贵阳	12521
贵阳天津	12521
舟山福州	12531
福州舟山	12531
珠海上海	12557
上海珠海	12557
北京白山	12571
白山北京	12571
潍坊沈阳	12577
沈阳潍坊	12577
珠海沈阳	12590
沈阳珠海	12590
武汉呼和浩特	12606
呼和浩特武汉	12606
烟台厦门	12619
厦门烟台	12619
湛江杭州	12632
杭州湛江	12632
无锡武汉	12633
武汉无锡	12633
银川海口	12649
海口银川	12649
哈尔滨赤峰	12650
赤峰哈尔滨	12650
上海毕节	12663
毕节上海	12663
沈阳北京	12681
北京沈阳	12681
天津白山	12697
白山天津	12697
天津南通	12748
南通天津	12748
井冈山成都	12749
成都井冈山	12749
运城南京	12761
南京运城	12761
赣州成都	12772
成都赣州	12772
太原宁波	12786
宁波太原	12786
哈尔滨呼伦贝尔	12792
呼伦贝尔哈尔滨	12792
昆明福州	12830
福州昆明	12830
南宁赣州	12831
赣州南宁	12831
天津三亚	12895
三亚天津	12895
黄山重庆	12930
重庆黄山	12930
长春包头	12951
包头长春	12951
西双版纳杭州	12955
杭州西双版纳	12955
运城三亚	12960
三亚运城	12960
丽江杭州	12974
杭州丽江	12974
上海达州	13000
达州上海	13000
西安井冈山	13041
井冈山西安	13041
南宁宁波	13061
宁波南宁	13061
珠海宁波	13096
宁波珠海	13096
深圳南充	13120
南充深圳	13120
兰州贵阳	13123
贵阳兰州	13123
西安喀什	13132
喀什西安	13132
武汉临沂	13133
临沂武汉	13133
青岛张家界	13141
张家界青岛	13141
西宁贵阳	13148
贵阳西宁	13148
扬州成都	13167
成都扬州	13167
温州成都	13169
成都温州	13169
西安桂林	13187
桂林西安	13187
榆林昆明	13190
昆明榆林	13190
泉州海口	13264
海口泉州	13264
青岛呼和浩特	13268
呼和浩特青岛	13268
拉萨成都	13283
成都拉萨	13283
林芝成都	13286
成都林芝	13286
日喀则成都	13304
成都日喀则	13304
西安柳州	13308
柳州西安	13308
西宁绵阳	13315
绵阳西宁	13315
黄山海口	13316
海口黄山	13316
西安连云港	13323
连云港西安	13323
西宁南京	13370
南京西宁	13370
西安南通	13457
南通西安	13457
烟台海口	13477
海口烟台	13477
西宁上海	13483
上海西宁	13483
烟台呼和浩特	13490
呼和浩特烟台	13490
哈尔滨成都	13494
成都哈尔滨	13494
厦门连云港	13514
连云港厦门	13514
中卫北京	13517
北京中卫	13517
西宁石家庄	13526
石家庄西宁	13526
上海九寨沟	13542
九寨沟上海	13542
绵阳海口	13567
海口绵阳	13567
伊春大连	13586
大连伊春	13586
上海井冈山	13592
井冈山上海	13592
青岛昆明	13648
昆明青岛	13648
榆林三亚	13650
三亚榆林	13650
哈尔滨福州	13658
福州哈尔滨	13658
上海连城	13660
连城上海	13660
沈阳鄂尔多斯	13705
鄂尔多斯沈阳	13705
哈尔滨呼和浩特	13739
呼和浩特哈尔滨	13739
广州秦皇岛	13759
秦皇岛广州	13759
沈阳呼伦贝尔	13964
呼伦贝尔沈阳	13964
成都秦皇岛	14132
秦皇岛成都	14132
盐城北京	14144
北京盐城	14144
义乌北京	14171
北京义乌	14171
沈阳南昌	14192
南昌沈阳	14192
无锡三亚	14204
三亚无锡	14204
沈阳昆明	14237
昆明沈阳	14237
温州深圳	14248
深圳温州	14248
哈尔滨秦皇岛	14255
秦皇岛哈尔滨	14255
沈阳桂林	14295
桂林沈阳	14295
烟台深圳	14326
深圳烟台	14326
沈阳连云港	14394
连云港沈阳	14394
宜宾三亚	14435
三亚宜宾	14435
延吉北京	14562
北京延吉	14562
南京秦皇岛	14804
秦皇岛南京	14804
成都锦州	1
大连黑河	992
黑河大连	992
锦州成都	1
哈尔滨南京	2
九寨沟昆明	1593
昆明九寨沟	1593
南京哈尔滨	2
大连西安	3
晋江上海	1914
上海晋江	1914
西安大连	3
长沙湛江	4
吉林沈阳	1946
沈阳吉林	1946
湛江长沙	4
合肥武汉	5
南昌揭阳潮汕	2131
揭阳潮汕南昌	2131
武汉合肥	5
广州义乌	6
杭州西安	2201
西安杭州	2201
义乌广州	6
福州广州	7
青岛西安	2677
西安青岛	2677
广州福州	7
沈阳西安	8
天津武汉	2852
武汉天津	2852
西安沈阳	8
重庆兰州	9
呼和浩特广州	2997
广州呼和浩特	2997
兰州重庆	9
杭州郑州	10
温州张家界	3202
张家界温州	3202
郑州杭州	10
贵阳昆明	11
西安珠海	3466
珠海西安	3466
昆明贵阳	11
三亚长沙	12
乌鲁木齐北京	3475
北京乌鲁木齐	3475
长沙三亚	12
成都烟台	13
武汉张家界	3741
张家界武汉	3741
烟台成都	13
成都贵阳	14
烟台天津	3803
天津烟台	3803
贵阳成都	14
烟台广州	15
呼和浩特乌海	4024
乌海呼和浩特	4024
广州烟台	15
杭州烟台	16
景德镇上海	4113
上海景德镇	4113
烟台杭州	16
北京合肥	17
长沙张家界	4122
张家界长沙	4122
合肥北京	17
三亚合肥	18
温州西安	4253
西安温州	4253
合肥三亚	18
济南重庆	19
南宁青岛	4278
青岛南宁	4278
重庆济南	19
南京长春	20
揭阳潮汕温州	4634
温州揭阳潮汕	4634
长春南京	20
温州黄山	21
郑州厦门	4784
厦门郑州	4784
黄山温州	21
南京重庆	22
上海常德	5595
常德上海	5595
重庆南京	22
宁波长沙	23
西安银川	5733
银川西安	5733
长沙宁波	23
石家庄重庆	24
武夷山广州	5968
广州武夷山	5968
重庆石家庄	24
舟山广州	25
太原鄂尔多斯	6202
鄂尔多斯太原	6202
广州舟山	25
南宁合肥	26
揭阳潮汕张家界	6231
张家界揭阳潮汕	6231
合肥南宁	26
青岛银川	27
珠海重庆	6509
重庆珠海	6509
银川青岛	27
通辽杭州	28
深圳达州	7420
达州深圳	7420
杭州通辽	28
太原合肥	29
武汉成都	7438
成都武汉	7438
合肥太原	29
昆明重庆	30
威海临沂	7582
临沂威海	7582
重庆昆明	30
乌鲁木齐青岛	31
石家庄贵阳	7718
贵阳石家庄	7718
青岛乌鲁木齐	31
南阳广州	32
北京泸州	7817
泸州北京	7817
广州南阳	32
杭州大连	33
哈尔滨黑河	7830
黑河哈尔滨	7830
大连杭州	33
武汉重庆	34
天津伊春	7844
伊春天津	7844
重庆武汉	34
北京满洲里	35
西安海口	7933
海口西安	7933
满洲里北京	35
上海重庆	36
太原南宁	8130
南宁太原	8130
重庆上海	36
台州海口	37
上海延安	8261
延安上海	8261
海口台州	37
运城乌鲁木齐	38
西安赣州	8447
赣州西安	8447
乌鲁木齐运城	38
郑州北海	39
西安库尔勒	8486
库尔勒西安	8486
北海郑州	39
温州长沙	40
阿尔山呼和浩特	8494
呼和浩特阿尔山	8494
长沙温州	40
沈阳福州	41
温州邯郸	8609
邯郸温州	8609
福州沈阳	41
哈尔滨鄂尔多斯	42
哈尔滨东营	8716
东营哈尔滨	8716
鄂尔多斯哈尔滨	42
榆林北京	43
厦门泸州	8848
泸州厦门	8848
北京榆林	43
沈阳银川	44
贵阳台州	8996
台州贵阳	8996
银川沈阳	44
厦门杭州	45
沈阳杭州	9157
杭州沈阳	9157
杭州厦门	45
临沧昆明	46
青岛石家庄	9414
石家庄青岛	9414
昆明临沧	46
西宁重庆	47
徐州厦门	9785
厦门徐州	9785
重庆西宁	47
银川成都	48
义乌武汉	9812
武汉义乌	9812
成都银川	48
深圳长沙	49
南昌郑州	9899
郑州南昌	9899
长沙深圳	49
天津兰州	50
襄阳海口	10113
海口襄阳	10113
兰州天津	50
桂林大连	51
拉萨广州	10282
广州拉萨	10282
大连桂林	51
北京银川	52
厦门鄂尔多斯	10309
鄂尔多斯厦门	10309
银川北京	52
上海包头	53
长春广州	10407
广州长春	10407
包头上海	53
杭州海口	54
沈阳包头	10547
包头沈阳	10547
海口杭州	54
揭阳潮汕南京	55
上海海口	10678
海口上海	10678
南京揭阳潮汕	55
深圳南阳	56
昆明济宁	10757
济宁昆明	10757
南阳深圳	56
上海成都	57
三亚南京	10832
南京三亚	10832
成都上海	57
锡林浩特呼和浩特	58
西宁拉萨	10846
拉萨西宁	10846
呼和浩特锡林浩特	58
北京鞍山	59
武汉南通	10860
南通武汉	10860
鞍山北京	59
西安延安	60
青岛白山	11469
白山青岛	11469
延安西安	60
济南深圳	61
温州哈尔滨	11578
哈尔滨温州	11578
深圳济南	61
柳州海口	62
上海南阳	11586
南阳上海	11586
海口柳州	62
上海南宁	63
烟台北京	11778
北京烟台	11778
南宁上海	63
天津桂林	64
太原长沙	11791
长沙太原	11791
桂林天津	64
扬州深圳	65
宜春深圳	11936
深圳宜春	11936
深圳扬州	65
乌海海口	66
沈阳南通	12121
南通沈阳	12121
海口乌海	66
青岛杭州	67
贵阳黎平	12341
黎平贵阳	12341
杭州青岛	67
宜宾北京	68
上海临沂	12374
临沂上海	12374
北京宜宾	68
西宁成都	69
大连赤峰	12424
赤峰大连	12424
成都西宁	69
深圳洛阳	70
温州重庆	13033
重庆温州	13033
洛阳深圳	70
西安南昌	71
义乌重庆	13102
重庆义乌	13102
南昌西安	71
北京锡林浩特	72
黄山厦门	73
晋江武汉	2237
武汉晋江	2237
厦门黄山	73
锡林浩特北京	72
景德镇北京	74
揭阳潮汕武夷山	75
太原天津	2726
天津太原	2726
武夷山揭阳潮汕	75
北京景德镇	74
杭州揭阳潮汕	76
台州长沙	77
武汉西安	3088
西安武汉	3088
长沙台州	77
揭阳潮汕杭州	76
西安阜阳	78
济宁成都	79
九江成都	7894
成都九江	7894
成都济宁	79
阜阳西安	78
深圳拉萨	80
井冈山杭州	81
济南呼和浩特	8333
呼和浩特济南	8333
杭州井冈山	81
拉萨深圳	80
阿克苏库车	16849
邦达拉萨	16851
广州揭阳潮汕	16854
广州湛江	16855
长春延吉	16857
朝阳大连	16858
重庆成都	16862
重庆广元	16863
重庆铜仁	16866
重庆万州	16867
成都西昌	16873
丹东沈阳	16874
中甸昆明	16875
福州晋江	16882
呼和浩特呼伦贝尔	16887
杭州上海	16892
哈尔滨佳木斯	16894
哈尔滨牡丹江	16895
和田喀什	16897
和田乌鲁木齐	16898
汉中西安	16900
且末乌鲁木齐	16902
晋江武夷山	16906
库车乌鲁木齐	16907
南昌赣州	16910
桂林南宁	16918
洛阳南阳	16919
临沂潍坊	16922
宁波温州	16924
北京秦皇岛	16927
上海义乌	16929
北京邯郸	16947
北京遵义	16988
赤峰鄂尔多斯	16994
赤峰南京	16999
长治大同	17000
长治武汉	17002
长治海口	17003
长治三亚	17004
长治成都	17005
鄂尔多斯石家庄	17010
鄂尔多斯南京	17013
大同海口	17018
二连浩特呼和浩特	17019
邯郸呼和浩特	17022
邯郸秦皇岛	17023
邯郸合肥	17025
呼和浩特满洲里	17027
呼和浩特秦皇岛	17030
呼和浩特宁波	17035
呼和浩特南京	17036
呼和浩特合肥	17037
唐山宜昌	17056
唐山济宁	17057
天津榆林	17090
天津潍坊	17109
天津威海	17110
乌兰浩特满洲里	17140
太原无锡	17196
北海桂林	17215
北海杭州	17226
百色广州	17232
百色长沙	17233
百色重庆	17236
常德武汉	17240
常德三亚	17242
常德昆明	17243
常德杭州	17244
怀化上海	17250
张家界石家庄	17252
张家界海口	17261
张家界宁波	17268
张家界威海	17272
张家界徐州	17274
佛山昆明	17284
佛山无锡	17285
佛山温州	17286
广州梧州	17300
广州东营	17317
广州井冈山	17320
广州景德镇	17323
广州济宁	17324
广州池州	17325
广州潍坊	17337
广州达州	17350
广州西昌	17363
长沙呼和浩特	17370
长沙柳州	17378
长沙恩施	17381
长沙武汉	17382
长沙井冈山	17388
长沙南通	17396
长沙徐州	17400
长沙义乌	17404
长沙绵阳	17408
长沙宜宾	17410
长沙遵义	17411
桂林柳州	17421
桂林南阳	17424
桂林宜昌	17425
桂林盐城	17440
桂林铜仁	17443
南宁石家庄	17448
揭阳潮汕珠海	17474
揭阳潮汕深圳	17475
揭阳潮汕湛江	17476
揭阳潮汕三亚	17480
揭阳潮汕福州	17482
珠海南通	17505
深圳梧州	17514
深圳湛江	17516
深圳襄阳	17521
深圳铜仁	17550
梧州南京	17556
郑州呼和浩特	17573
郑州秦皇岛	17576
郑州宜昌	17580
郑州南通	17587
恩施宜昌	17595
恩施南京	17596
武汉洛阳	17602
武汉南阳	17603
武汉宜昌	17605
海口三亚	17636
三亚乌鲁木齐	17640
格尔木拉萨	17653
固原银川	17654
银川桂林	17665
银川深圳	17666
银川中卫	17676
金昌兰州	17694
嘉峪关乌鲁木齐	17700
兰州石家庄	17704
兰州乌海	17705
兰州乌兰浩特	17706
兰州绵阳	17735
庆阳北京	17740
庆阳张掖	17742
西安南阳	17782
西安襄阳	17783
西安张掖	17791
西安衢州	17805
西安黄山	17813
西安徐州	17817
西安义乌	17820
西安遵义	17829
延安成都	17838
榆林绵阳	17845
榆林乌鲁木齐	17846
大理贵阳	17854
大理腾冲	17855
迪庆西双版纳	17858
迪庆贵阳	17861
迪庆拉萨	17862
西双版纳德宏	17866
西双版纳昆明	17867
西双版纳腾冲	17871
丽江三亚	17882
丽江厦门	17885
德宏北京	17898
昆明永州	17909
昆明柳州	17914
昆明文山	17924
昆明临沂	17935
昆明武夷山	17940
昆明扬州	17943
昆明盐城	17945
昆明义乌	17946
昆明林芝	17958
昆明腾冲	17960
昆明万州	17962
昆明遵义	17967
厦门盐城	18001
安庆武汉	18012
安庆景德镇	18014
常州福州	18021
南昌柳州	18028
阜阳海口	18049
阜阳三亚	18050
阜阳杭州	18051
福州石家庄	18055
福州柳州	18056
福州宜昌	18059
福州赣州	18062
福州景德镇	18064
福州连城	18067
福州绵阳	18072
井冈山郑州	18074
赣州衢州	18083
赣州贵阳	18085
杭州石家庄	18093
杭州南阳	18096
杭州临沂	18103
景德镇武汉	18112
景德镇南京	18113
济宁石家庄	18115
池州北京	18118
连云港宁波	18134
台州南京	18138
临沂三亚	18140
宁波石家庄	18142
宁波乌鲁木齐	18145
合肥连云港	18164
合肥台州	18165
合肥泉州	18169
合肥武夷山	18171
上海通辽	18192
上海南通	18232
上海温州	18240
上海黔江	18252
青岛阜阳	18287
青岛济南	18291
青岛黄山	18297
青岛无锡	18298
青岛徐州	18301
青岛烟台	18302
青岛延吉	18313
泉州深圳	18319
泉州南京	18325
泉州潍坊	18328
泉州无锡	18329
泉州武夷山	18330
泉州温州	18331
淮安深圳	18340
淮安武汉	18341
淮安宁波	18344
上海衢州	18355
黄山桂林	18361
潍坊南京	18377
潍坊无锡	18378
潍坊烟台	18379
威海武汉	18384
威海无锡	18390
无锡郑州	18399
无锡厦门	18402
无锡徐州	18407
武夷山沈阳	18425
温州珠海	18432
温州宜昌	18438
温州济宁	18446
温州徐州	18452
温州万州	18459
徐州呼和浩特	18461
徐州南京	18470
徐州烟台	18471
烟台赤峰	18488
烟台三亚	18495
义乌济南	18509
义乌南京	18511
舟山海口	18519
安顺济南	18526
毕节贵阳	18532
重庆呼和浩特	18537
重庆恩施	18543
重庆连云港	18553
重庆梁平	18564
重庆黔江	18568
达州武汉	18578
广元海口	18581
广元杭州	18582
贵阳宁波	18592
贵阳九寨沟	18594
贵阳荔波	18595
贵阳泸州	18597
贵阳铜仁	18600
贵阳乌鲁木齐	18604
绵阳宜宾	18617
南充南京	18618
成都临沂	18629
成都攀枝花	18634
宜宾海口	18638
哈密乌鲁木齐	18648
库车库尔勒	18649
库尔勒乌鲁木齐	18651
喀什伊宁	18657
白山沈阳	18662
长春鄂尔多斯	18665
长春呼伦贝尔	18667
长春武汉	18677
长春常州	18680
长春阜阳	18682
长春威海	18692
长春徐州	18694
长春绵阳	18697
长春哈尔滨	18700
长春佳木斯	18701
大庆北京	18713
大庆杭州	18716
大庆伊春	18719
哈尔滨长治	18725
哈尔滨满洲里	18729
哈尔滨通辽	18734
哈尔滨济宁	18751
哈尔滨无锡	18759
哈尔滨义乌	18765
哈尔滨白山	18768
哈尔滨漠河	18775
佳木斯上海	18787
佳木斯青岛	18788
牡丹江威海	18803
牡丹江烟台	18804
牡丹江延吉	18807
齐齐哈尔沈阳	18809
大连邯郸	18813
大连宜昌	18826
大连南昌	18830
大连东营	18831
大连阜阳	18832
大连济宁	18835
大连临沂	18838
大连扬州	18845
大连义乌	18847
沈阳洛阳	18868
沈阳徐州	18884
沈阳安顺	18888
阿勒泰乌鲁木齐	18896
阿勒泰伊宁	18897
阿坝成都	18903
安庆黄山	18906
阿拉善左旗呼和浩特	18910
阿拉善左旗阿拉善右旗	18911
包头通辽	18914
北海柳州	18921
博乐乌鲁木齐	18923
保山昆明	18925
常德重庆	18937
长春白山	18947
长春通辽	18948
朝阳沈阳	18951
朝阳烟台	18952
赤峰呼和浩特	18954
重庆稻城	18962
重庆康定	18969
重庆绵阳	18972
重庆襄阳	18978
成都万州	18995
丹东大连	19002
迪庆昆明	19004
大连沈阳	19009
大理昆明	19016
大庆牡丹江	19024
鄂尔多斯二连浩特	19025
鄂尔多斯锡林浩特	19034
佛山揭阳潮汕	19048
佛山湛江	19049
抚远哈尔滨	19050
夏河兰州	19053
邯郸石家庄	19059
合肥黄山	19080
淮安南京	19086
哈密库尔勒	19091
哈密克拉玛依	19092
哈尔滨鸡西	19096
哈尔滨伊春	19097
哈尔滨齐齐哈尔	19100
哈尔滨延吉	19104
且末库尔勒	19117
庆阳嘉峪关	19119
井冈山南昌	19127
泉州南昌	19135
佳木斯鸡西	19137
九寨沟绵阳	19141
布尔津伊宁	19150
克拉玛依乌鲁木齐	19165
贵阳万州	19172
兰州天水	19180
兰州张掖	19181
丽江德宏	19182
丽江腾冲	19184
丽江宜宾	19185
拉萨林芝	19186
连云港南京	19188
南宁梧州	19206
满洲里通辽	19208
满洲里阿尔山	19209
北京石家庄	19212
塔城乌鲁木齐	19245
乌鲁木齐伊宁	19250
乌海锡林浩特	19252
武汉襄阳	19253
武夷山厦门	19255
西宁玉树	19259
兴义丽江	19262
百色昆明	19270
百色深圳	19271
百色天津	19272
阿克苏成都	19273
阿拉善左旗兰州	19290
包头长沙	19296
包头济宁	19303
包头南宁	19307
包头三亚	19313
毕节北京	19323
北海南昌	19333
北海昆明	19334
北海洛阳	19336
北海三亚	19342
北海济南	19343
北海温州	19344
北海厦门	19346
昌都成都	19348
保山广州	19349
广州赤峰	19353
广州长治	19354
广州丹东	19360
广州大庆	19365
广州黑河	19374
广州哈密	19381
广州黎平	19385
广州九江	19391
广州锦州	19395
广州青阳	19396
广州衢州	19397
广州九寨沟	19399
广州喀什	19400
广州伊春	19404
广州永州	19408
广州满洲里	19427
广州通辽	19438
广州威海	19448
广州文山	19449
广州锡林浩特	19457
广州延吉	19464
常德成都	19469
常德柳州	19471
常德南京	19472
郑州大同	19484
郑州鄂尔多斯	19488
郑州哈密	19495
郑州台州	19497
郑州拉萨	19510
郑州石家庄	19519
郑州三亚	19521
郑州腾冲	19524
郑州湛江	19539
郑州遵义	19541
长春合肥	19551
长春贵阳	19558
长春连云港	19561
长春南宁	19564
长春三亚	19570
长春西宁	19582
长春义乌	19584
赤峰成都	19589
赤峰昆明	19591
赤峰上海	19594
赤峰西安	19595
长治银川	19601
重庆大同	19610
重庆邯郸	19619
重庆淮安	19623
重庆嘉峪关	19627
重庆济宁	19630
重庆布尔津	19632
重庆赣州	19634
重庆洛阳	19641
重庆临沂	19642
重庆榆林	19664
重庆延吉	19675
重庆张掖	19678
重庆中卫	19681
长沙大理	19687
长沙九寨沟	19702
长沙赣州	19704
长沙临沂	19709
长沙通辽	19727
长沙武夷山	19736
长沙扬州	19745
成都大同	19750
成都东营	19755
成都邯郸	19762
成都舟山	19768
成都青阳	19778
成都阿里	19796
成都南通	19800
成都唐山	19815
成都乌海	19821
成都宜春	19829
成都延吉	19833
常州贵阳	19847
常州三亚	19854
大同贵阳	19864
大同南京	19865
大同三亚	19869
大同深圳	19870
大同武汉	19872
达州北京	19875
稻城西安	19878
丹东青岛	19884
丹东烟台	19885
迪庆杭州	19886
迪庆北京	19888
迪庆上海	19889
迪庆深圳	19890
大连丽江	19913
大连连云港	19915
大连通化	19932
大连榆林	19937
大连盐城	19948
大理北京	19954
敦煌杭州	19957
敦煌阿拉善右旗	19960
敦煌吐鲁番	19964
敦煌天津	19965
东营海口	19967
东营宁波	19969
大庆南京	19974
大庆沈阳	19977
大庆三亚	19979
大庆济南	19981
大庆天津	19982
大庆威海	19983
鄂尔多斯福州	19985
鄂尔多斯邯郸	19987
鄂尔多斯合肥	19988
鄂尔多斯贵阳	19993
鄂尔多斯宁波	19995
鄂尔多斯南宁	19997
鄂尔多斯三亚	20002
鄂尔多斯乌鲁木齐	20007
鄂尔多斯温州	20008
张家界贵阳	20016
张家界无锡	20031
额济纳旗银川	20035
额济纳旗西安	20037
恩施海口	20038
恩施杭州	20039
恩施北京	20041
恩施深圳	20044
延安武汉	20047
福州连云港	20065
福州南通	20071
福州襄阳	20087
阜阳宁波	20094
佛山南宁	20102
佛山北京	20103
佛山上海	20104
佛山西安	20105
佛山三亚	20106
抚远北京	20108
格尔木北京	20110
夏河拉萨	20112
固原杭州	20117
海口怀化	20121
海口泸州	20139
海口梅州	20140
海口通辽	20153
海口文山	20160
海口西宁	20167
海口扬州	20173
海口中卫	20174
邯郸南京	20179
邯郸西安	20181
邯郸厦门	20183
黑河上海	20185
黑河沈阳	20186
黑河济南	20187
黑河烟台	20188
呼和浩特加格达奇	20193
呼和浩特济宁	20194
呼和浩特丽江	20200
呼和浩特洛阳	20201
呼和浩特南宁	20204
呼和浩特揭阳潮汕	20209
呼和浩特黄山	20215
呼和浩特乌鲁木齐	20216
呼和浩特温州	20217
合肥舟山	20223
合肥和田	20224
合肥赣州	20228
合肥兰州	20231
合肥丽江	20232
合肥宁波	20233
合肥满洲里	20235
合肥运城	20250
杭州济宁	20262
杭州拉萨	20272
杭州洛阳	20273
杭州牡丹江	20277
杭州腾冲	20289
杭州万州	20297
杭州宜宾	20302
杭州阿尔山	20304
杭州延吉	20306
杭州中卫	20309
杭州遵义	20311
淮安南宁	20314
淮安沈阳	20316
淮安揭阳潮汕	20318
淮安湛江	20324
呼伦贝尔昆明	20328
呼伦贝尔宁波	20329
呼伦贝尔南京	20330
呼伦贝尔秦皇岛	20334
呼伦贝尔石家庄	20336
呼伦贝尔武汉	20341
乌兰浩特沈阳	20345
哈密上海	20348
哈尔滨南昌	20352
哈尔滨洛阳	20357
哈尔滨石家庄	20369
哈尔滨榆林	20378
哈尔滨运城	20386
哈尔滨扬州	20390
舟山连云港	20393
舟山深圳	20395
舟山无锡	20397
和田上海	20400
和田西安	20401
台州银川	20402
黎平上海	20414
银川庆阳	20415
银川嘉峪关	20416
银川贵阳	20419
银川宁波	20423
银川南宁	20425
银川厦门	20440
银川西宁	20441
银川徐州	20442
银川烟台	20443
银川扬州	20444
庆阳上海	20447
庆阳天津	20448
加格达奇北京	20454
嘉峪关昆明	20455
嘉峪关阿拉善右旗	20458
嘉峪关天津	20461
井冈山南京	20463
西双版纳南昌	20469
西双版纳太原	20476
九江西安	20485
泉州青阳	20487
泉州昆明	20488
泉州贵阳	20489
泉州绵阳	20490
泉州沈阳	20496
泉州西安	20497
泉州太原	20504
泉州武汉	20506
泉州珠海	20507
佳木斯三亚	20511
佳木斯烟台	20515
锦州烟台	20529
青阳北京	20530
青阳上海	20531
青阳青岛	20532
青阳厦门	20533
鸡西天津	20541
九寨沟深圳	20546
九寨沟武汉	20547
库车宁波	20548
康定昆明	20549
喀什天津	20556
南昌兰州	20560
南昌洛阳	20562
南昌乌鲁木齐	20579
南昌徐州	20582
凯里济南	20588
昆明连云港	20595
昆明南通	20604
昆明攀枝花	20606
昆明秦皇岛	20609
昆明通辽	20616
昆明唐山	20619
昆明威海	20623
昆明无锡	20627
赣州南京	20643
赣州石家庄	20648
赣州济南	20649
赣州珠海	20652
库尔勒上海	20654
库尔勒石家庄	20656
克拉玛依北京	20657
桂林连云港	20695
连城北京	20718
伊春北京	20721
伊春威海	20724
兰州南宁	20730
丽江拉萨	20749
丽江临沂	20750
丽江柳州	20751
丽江南京	20754
丽江青岛	20762
丽江武汉	20767
荔波深圳	20771
永州北京	20772
吕梁北京	20774
吕梁西安	20776
德宏南京	20777
德宏上海	20779
拉萨绵阳	20781
拉萨南京	20782
拉萨南宁	20783
拉萨太原	20789
拉萨厦门	20790
拉萨宜宾	20792
连云港三亚	20805
柳州武汉	20833
林芝上海	20842
林芝深圳	20843
牡丹江南京	20844
牡丹江三亚	20848
牡丹江无锡	20853
绵阳济南	20864
绵阳乌鲁木齐	20867
绵阳温州	20868
绵阳宜昌	20872
白山深圳	20881
宁波潍坊	20905
南京湛江	20937
南京中卫	20938
南宁三亚	20948
南宁腾冲	20951
南宁乌鲁木齐	20955
南宁榆林	20956
南宁徐州	20963
南宁遵义	20967
南通太原	20978
满洲里西安	20986
满洲里三亚	20987
满洲里深圳	20988
满洲里天津	20989
漠河北京	20991
漠河上海	20992
漠河青岛	20993
漠河天津	20994
北京玉树	21033
上海腾冲	21048
上海榆林	21055
上海西昌	21062
上海锡林浩特	21063
沈阳锡林浩特	21094
沈阳阿尔山	21099
沈阳义乌	21100
沈阳盐城	21101
秦皇岛西安	21105
秦皇岛深圳	21106
西安通辽	21113
西安吐鲁番	21114
西安威海	21120
西安无锡	21124
西安梧州	21125
西安盐城	21135
西安玉树	21137
西安中卫	21139
石家庄珠海	21154
揭阳潮汕天津	21157
揭阳潮汕太原	21158
揭阳潮汕乌鲁木齐	21159
三亚锡林浩特	21175
三亚徐州	21178
深圳腾冲	21187
深圳通辽	21189
深圳榆林	21196
深圳遵义	21214
青岛武夷山	21220
青岛运城	21225
青岛义乌	21226
通辽济南	21229
济南西宁	21238
济南珠海	21240
天津黄山	21241
天津乌海	21247
天津无锡	21249
天津襄阳	21250
太原乌鲁木齐	21267
太原威海	21268
太原烟台	21274
乌鲁木齐无锡	21278
乌鲁木齐烟台	21284
乌鲁木齐珠海	21285
榆林厦门	21286
温州襄阳	21291
温州盐城	21296
乌海宜昌	21298
武汉武夷山	21299
武汉延吉	21306
无锡西宁	21314
无锡烟台	21315
西宁中卫	21329
百色桂林	21338
安顺重庆	21340
昌都拉萨	21356
广州梅州	21363
郑州南阳	21370
赤峰呼伦贝尔	21381
重庆黎平	21389
重庆九寨沟	21391
重庆贵阳	21393
长沙永州	21404
长沙铜仁	21406
敦煌金昌	21432
敦煌兰州	21433
鄂尔多斯呼和浩特	21436
鄂尔多斯呼伦贝尔	21437
鄂尔多斯乌兰浩特	21438
张家界衡阳	21443
恩施武汉	21445
抚远佳木斯	21452
呼和浩特石家庄	21468
哈尔滨加格达奇	21492
德令哈西宁	21503
银川巴彦淖尔	21507
庆阳西安	21511
加格达奇漠河	21513
西双版纳丽江	21520
泉州义乌	21524
济宁威海	21526
喀什库尔勒	21530
南昌武汉	21535
布尔津乌鲁木齐	21537
贵阳六盘水	21556
白山延吉	21579
上海盐城	21599
秦皇岛石家庄	21602
西安榆林	21606
太原榆林	21622
兴义宁波	21631
百色上海	21637
阿克苏郑州	21640
阿克苏杭州	21643
阿克苏北京	21644
阿克苏上海	21645
阿克苏西安	21646
阿克苏青岛	21647
鞍山广州	21648
安庆重庆	21652
安庆昆明	21654
安庆宁波	21655
安顺海口	21661
安顺杭州	21662
安顺丽江	21663
安顺北京	21664
安顺三亚	21666
阿拉善左旗嘉峪关	21668
阿拉善左旗天津	21670
包头重庆	21674
包头石家庄	21688
包头乌鲁木齐	21694
包头厦门	21696
包头西宁	21697
毕节杭州	21701
毕节丽江	21703
毕节三亚	21706
北海怀化	21715
北海沈阳	21722
北海西安	21723
北海石家庄	21724
保山北京	21731
广州大同	21739
广州鄂尔多斯	21745
广州恩施	21747
广州邯郸	21752
广州嘉峪关	21765
广州黔江	21767
广州佳木斯	21770
广州凯里	21777
广州荔波	21782
广州六盘水	21784
广州林芝	21791
广州南充	21794
广州腾冲	21810
广州铜仁	21811
广州通化	21813
广州榆林	21819
广州襄阳	21828
广州扬州	21839
广州遵义	21840
常德福州	21841
常德西安	21845
常德厦门	21848
郑州大理	21853
郑州淮安	21860
郑州九寨沟	21868
郑州喀什	21869
郑州库尔勒	21872
郑州宁波	21881
郑州漠河	21885
郑州扬州	21901
郑州张家口	21902
长春淮安	21914
长春南昌	21917
长春桂林	21920
长春满洲里	21924
长春无锡	21940
朝阳北京	21944
长治青岛	21960
长治厦门	21962
重庆鄂尔多斯	21968
重庆河池	21973
重庆库尔勒	21991
重庆柳州	21998
重庆满洲里	22004
重庆腾冲	22013
重庆威海	22021
重庆盐城	22032
重庆扬州	22033
长沙常州	22038
长沙敦煌	22042
长沙呼伦贝尔	22049
长沙黎平	22052
长沙荔波	22061
长沙拉萨	22064
长沙梅州	22069
长沙白山	22070
长沙吐鲁番	22085
长沙盐城	22098
成都怀化	22120
成都惠州	22123
成都台州	22124
成都克拉玛依	22137
成都连城	22139
成都白山	22148
成都伊宁	22184
成都盐城	22187
成都昭通	22190
常州兰州	22201
常州宜昌	22209
大同呼和浩特	22211
达州泉州	22220
大连呼和浩特	22240
大连呼伦贝尔	22243
大连舟山	22244
大连南阳	22262
大连满洲里	22264
大连揭阳潮汕	22269
大连天水	22272
大连西宁	22284
大连运城	22286
大连遵义	22289
大理杭州	22290
大理上海	22293
大理深圳	22295
敦煌库尔勒	22300
大庆西安	22316
鄂尔多斯海口	22320
鄂尔多斯青岛	22333
鄂尔多斯济南	22334
鄂尔多斯武汉	22337
张家界昆明	22343
额济纳旗嘉峪关	22357
恩施昆明	22361
恩施天津	22365
福州呼和浩特	22371
福州临沂	22387
福州铜仁	22399
福州西昌	22408
福州延吉	22412
抚远上海	22423
广元上海	22430
海口河池	22434
海口邯郸	22435
海口呼伦贝尔	22441
海口井冈山	22444
海口凯里	22448
海口六盘水	22454
海口临沂	22457
海口南充	22462
海口南通	22466
海口武夷山	22484
海口无锡	22485
海口盐城	22494
黑河北京	22500
呼和浩特三亚	22521
合肥西宁	22555
杭州呼伦贝尔	22561
杭州黔江	22566
杭州康定	22572
杭州凯里	22574
杭州连城	22579
杭州六盘水	22582
杭州绵阳	22590
杭州白山	22592
杭州满洲里	22595
杭州铜仁	22604
杭州唐山	22606
杭州襄阳	22614
杭州宜昌	22621
淮安哈尔滨	22628
淮安三亚	22631
淮安温州	22633
淮安厦门	22634
怀化昆明	22635
怀化西安	22637
怀化深圳	22638
呼伦贝尔漠河	22641
呼伦贝尔西安	22644
呼伦贝尔青岛	22647
呼伦贝尔厦门	22652
呼伦贝尔烟台	22653
乌兰浩特上海	22656
哈密兰州	22659
衡阳西安	22665
衡阳三亚	22666
哈尔滨泉州	22668
哈尔滨连云港	22674
哈尔滨南宁	22678
哈尔滨潍坊	22695
哈尔滨西宁	22701
哈尔滨阿尔山	22704
哈尔滨盐城	22706
惠州昆明	22718
惠州北京	22719
惠州上海	22720
台州西安	22726
汉中上海	22731
银川南昌	22735
银川昆明	22736
银川拉萨	22739
银川揭阳潮汕	22748
银川温州	22757
嘉峪关南京	22771
嘉峪关上海	22774
井冈山天津	22779
西双版纳北京	22783
西双版纳武汉	22789
西双版纳无锡	22790
泉州南通	22803
泉州石家庄	22808
泉州三亚	22809
泉州青岛	22811
泉州济南	22812
泉州西宁	22817
佳木斯沈阳	22820
佳木斯深圳	22821
鸡西沈阳	22839
鸡西青岛	22841
喀什上海	22851
喀什深圳	22853
南昌丽江	22859
南昌石家庄	22867
南昌三亚	22868
南昌西宁	22875
凯里桂林	22879
凯里北京	22880
昆明绵阳	22891
昆明铜仁	22907
昆明黄山	22910
昆明襄阳	22919
昆明宜春	22924
赣州武汉	22937
库尔勒武汉	22941
贵阳绵阳	22946
贵阳无锡	22966
贵阳宜宾	22971
贵阳宜昌	22972
贵阳烟台	22973
贵阳昭通	22975
桂林连城	22978
桂林石家庄	22990
桂林湛江	23003
兰州拉萨	23009
兰州洛阳	23010
兰州连云港	23011
兰州宁波	23015
兰州无锡	23032
兰州宜宾	23034
兰州义乌	23036
兰州遵义	23037
丽江泸州	23039
丽江绵阳	23040
丽江宁波	23041
丽江北京	23044
丽江沈阳	23046
丽江石家庄	23048
丽江天津	23052
丽江文山	23054
丽江温州	23055
丽江徐州	23059
荔波南宁	23061
荔波上海	23062
荔波西安	23063
六盘水北京	23069
德宏深圳	23073
拉萨南充	23075
拉萨石家庄	23080
拉萨天津	23082
拉萨玉树	23087
连云港乌鲁木齐	23097
临沂南宁	23101
临沂厦门	23110
柳州南京	23111
泸州南京	23119
林芝北京	23126
林芝青岛	23128
牡丹江深圳	23132
绵阳南京	23136
绵阳南宁	23137
绵阳三亚	23143
绵阳武汉	23148
绵阳厦门	23149
白山武汉	23164
宁波西宁	23186
南京通辽	23196
南宁武夷山	23227
南宁无锡	23228
南宁义乌	23232
南通三亚	23241
南通青岛	23243
满洲里石家庄	23249
满洲里厦门	23253
北京攀枝花	23256
北京腾冲	23263
北京通化	23267
北京伊宁	23288
攀枝花深圳	23298
巴彦淖尔西安	23299
巴彦淖尔青岛	23300
巴彦淖尔天津	23301
上海铜仁	23311
上海乌海	23321
上海宜春	23330
上海伊宁	23332
上海张掖	23335
上海中卫	23337
上海遵义	23340
沈阳扬州	23360
沈阳张家口	23361
西安石家庄	23362
西安西昌	23377
西安锡林浩特	23378
西安伊宁	23384
石家庄榆林	23399
三亚唐山	23415
三亚宜春	23427
深圳通化	23437
深圳万州	23448
深圳张家口	23461
青岛宜春	23474
青岛盐城	23477
济南延吉	23488
天津乌鲁木齐	23493
天津锡林浩特	23498
天津西宁	23500
天津义乌	23502
天津延吉	23503
天津珠海	23508
黄山太原	23511
太原盐城	23521
乌鲁木齐张掖	23530
乌鲁木齐中卫	23531
温州遵义	23537
梧州义乌	23548
厦门西宁	23551
厦门宜春	23555
阿坝重庆	23570
阿克苏和田	23571
阿克苏乌鲁木齐	23572
阿拉善左旗额济纳旗	23576
毕节重庆	23582
重庆荔波	23621
重庆西昌	23627
重庆神农架	23630
重庆攀枝花	23632
成都稻城	23647
成都黔江	23648
稻城康定	23654
稻城泸州	23655
大理西双版纳	23666
敦煌嘉峪关	23667
敦煌张掖	23668
大庆呼伦贝尔	23671
鄂尔多斯满洲里	23677
额济纳旗阿拉善右旗	23679
富蕴乌鲁木齐	23688
格尔木西宁	23689
固原西安	23690
黑河漠河	23695
呼和浩特吕梁	23700
合肥济宁	23710
杭州连云港	23715
呼伦贝尔乌兰浩特	23722
乌兰浩特阿尔山	23724
乌兰浩特通辽	23725
哈密吐鲁番	23727
神农架武汉	23729
银川榆林	23744
嘉峪关兰州	23751
济宁烟台	23761
喀什乌鲁木齐	23766
喀什石河子	23767
凯里贵阳	23772
昆明昭通	23775
昆明普洱	23776
昆明西昌	23777
昆明宁蒗	23782
库尔勒克拉玛依	23789
桂林梧州	23798
丽江普洱	23805
柳州珠海	23812
梅州深圳	23813
梅州珠海	23814
南充西安	23815
新源乌鲁木齐	23823
十堰武汉	23861
湛江珠海	23865
安顺桂林	23873
阿拉善左旗西安	23875
博鳌广州	23876
博鳌深圳	23877
博鳌珠海	23878
毕节成都	23882
毕节西双版纳	23883
北海贵阳	23887
秦皇岛徐州	23890
广州宜春	23905
郑州日照	23915
长春唐山	23923
朝阳天津	23925
长沙惠州	23944
成都夏河	23966
成都遵义	23972
常州青岛	23973
大同榆林	23978
稻城昆明	23979
丹东哈尔滨	23980
大连日照	23990
东营天津	23999
恩施西安	24007
二连浩特天津	24009
福州义乌	24020
佛山黄山	24022
夏河银川	24023
海口惠州	24025
呼和浩特临汾	24030
合肥威海	24039
合肥义乌	24041
杭州淮安	24043
杭州景德镇	24044
杭州盐城	24059
淮安石家庄	24060
淮安天津	24061
乌兰浩特哈尔滨	24066
哈尔滨营口	24068
舟山青岛	24070
银川临汾	24076
银川天水	24077
银川忻州	24079
锦州天津	24093
池州宁波	24094
池州济南	24095
凯里南宁	24107
昆明荔波	24108
昆明六盘水	24109
临汾天津	24126
兰州吕梁	24127
兰州榆林	24129
丽江遵义	24132
吕梁天津	24137
临沂天津	24146
柳州揭阳潮汕	24147
柳州三亚	24148
柳州湛江	24150
牡丹江沈阳	24151
南宁铜仁	24166
南宁文山	24167
南通烟台	24173
北京日照	24174
日照上海	24182
上海三明	24183
西安十堰	24200
三明武汉	24207
三明珠海	24208
天津乌兰察布	24219
天津忻州	24222
天津运城	24224
唐山太原	24226
太原乌海	24229
武汉遵义	24236
武夷山珠海	24237
烟台盐城	24240
兴义海口	24241
兴义成都	24242
兴义福州	24244
阿克苏重庆	24255
安庆西安	24261
安庆海口	24263
安顺上海	24270
安顺青岛	24272
包头青岛	24282
包头哈尔滨	24284
包头贵阳	24287
包头深圳	24296
毕节武汉	24299
毕节海口	24300
毕节深圳	24301
毕节厦门	24303
北海遵义	24308
北海丽江	24314
北海哈尔滨	24324
北海长春	24325
博乐武汉	24329
昌都重庆	24330
昌都天津	24331
保山杭州	24333
广州阜阳	24341
广州十堰	24364
广州临汾	24382
广州日照	24388
广州吕梁	24390
广州德宏	24393
广州延安	24397
广州乌海	24411
广州白山	24417
广州鸡西	24425
广州呼伦贝尔	24427
郑州绵阳	24442
郑州威海	24447
郑州柳州	24455
郑州泉州	24458
郑州梅州	24460
郑州呼伦贝尔	24471
郑州延吉	24475
郑州石河子	24479
长春天津	24487
长春呼和浩特	24490
长春石家庄	24491
长春太原	24493
长春宁波	24499
长春银川	24500
长春十堰	24504
长春兰州	24507
长春珠海	24518
长春乌鲁木齐	24521
朝阳上海	24523
赤峰杭州	24525
长治沈阳	24530
长治昆明	24532
重庆固原	24536
重庆吕梁	24545
重庆文山	24548
重庆惠州	24554
重庆忻州	24556
重庆梧州	24558
重庆林芝	24570
重庆南通	24571
重庆日照	24592
重庆烟台	24593
重庆通辽	24598
长沙六盘水	24605
长沙泸州	24608
长沙榆林	24615
长沙吕梁	24620
长沙鄂尔多斯	24631
长沙迪庆	24634
长沙大庆	24641
长沙满洲里	24643
成都玉树	24647
成都铜仁	24649
成都普洱	24658
成都榆林	24660
成都格尔木	24673
成都张家口	24695
成都嘉峪关	24696
成都大庆	24725
成都库尔勒	24726
成都呼伦贝尔	24728
成都喀什	24730
常州银川	24737
常州海口	24740
大同哈尔滨	24745
大同厦门	24747
大同昆明	24748
达州杭州	24754
达州拉萨	24756
达州三亚	24757
稻城杭州	24759
丹东杭州	24761
迪庆西安	24764
大连锡林浩特	24768
大连南通	24769
大连无锡	24771
大连鄂尔多斯	24787
大连汉中	24795
大连泉州	24801
大连六盘水	24807
大连三亚	24811
大理西安	24814
大理武汉	24815
大理南京	24818
大理天津	24820
敦煌西宁	24822
敦煌青岛	24826
敦煌南京	24829
敦煌上海	24831
敦煌福州	24832
东营杭州	24833
东营西安	24835
大庆青岛	24838
大庆上海	24840
大庆武汉	24842
鄂尔多斯烟台	24847
张家界南宁	24857
张家界淮安	24860
张家界银川	24861
张家界连云港	24864
恩施上海	24872
福州盐城	24881
福州梧州	24883
福州西宁	24907
福州拉萨	24911
福州呼伦贝尔	24912
阜阳北京	24915
夏河西安	24925
固原上海	24931
海口荔波	24932
海口万州	24949
海口南阳	24956
海口汉中	24961
海口淮安	24969
海口临汾	24970
海口张家口	24987
海口锦州	24988
邯郸杭州	24994
邯郸哈尔滨	24995
邯郸深圳	24996
呼和浩特西宁	25005
呼和浩特临沂	25008
呼和浩特宜昌	25011
呼和浩特无锡	25015
呼和浩特厦门	25021
合肥珠海	25032
合肥贵阳	25033
合肥银川	25034
杭州惠州	25048
杭州南充	25065
杭州泸州	25068
杭州九寨沟	25075
杭州西昌	25083
杭州德宏	25089
杭州喀什	25094
淮安北京	25095
淮安昆明	25101
怀化北京	25104
呼伦贝尔太原	25110
呼伦贝尔济南	25112
呼伦贝尔盐城	25113
呼伦贝尔无锡	25116
呼伦贝尔泉州	25118
呼伦贝尔深圳	25120
乌兰浩特北京	25121
乌兰浩特天津	25122
乌兰浩特太原	25123
衡阳昆明	25128
衡阳上海	25130
衡阳北京	25132
神农架上海	25133
哈尔滨唐山	25135
哈尔滨张家口	25141
哈尔滨日照	25143
哈尔滨临沂	25145
哈尔滨徐州	25148
哈尔滨太原	25152
哈尔滨南通	25158
哈尔滨襄阳	25163
哈尔滨黄山	25167
哈尔滨揭阳潮汕	25173
哈尔滨三亚	25180
舟山揭阳潮汕	25182
舟山天津	25183
和田北京	25186
惠州西安	25190
台州南宁	25196
汉中北京	25199
汉中深圳	25201
银川洛阳	25204
银川无锡	25217
银川吐鲁番	25219
银川珠海	25224
银川三亚	25228
西双版纳西安	25246
西双版纳南京	25249
西双版纳温州	25251
西双版纳宁波	25252
金昌西安	25256
金昌北京	25257
泉州徐州	25262
泉州南宁	25264
泉州北京	25272
泉州兰州	25276
佳木斯天津	25280
济宁南宁	25285
鸡西北京	25289
鸡西上海	25291
鸡西三亚	25292
九寨沟石家庄	25293
康定拉萨	25297
喀什兰州	25299
喀什北京	25301
喀什济南	25302
南昌南通	25305
南昌遵义	25308
昆明南充	25323
昆明三亚	25327
昆明十堰	25337
昆明赣州	25338
昆明南阳	25340
昆明临汾	25342
昆明烟台	25365
赣州青岛	25371
库尔勒济南	25376
库尔勒青岛	25378
贵阳腾冲	25383
贵阳南阳	25385
贵阳榆林	25392
贵阳扬州	25396
贵阳临沂	25399
贵阳拉萨	25403
桂林徐州	25415
桂林南通	25419
桂林临沂	25420
桂林西宁	25429
桂林烟台	25430
伊春上海	25435
临汾青岛	25436
临汾上海	25437
兰州运城	25438
兰州十堰	25439
兰州泸州	25441
兰州宜昌	25445
兰州丽江	25448
兰州柳州	25456
兰州南通	25460
兰州揭阳潮汕	25469
丽江南宁	25472
丽江济南	25477
丽江无锡	25485
吕梁上海	25493
六盘水西安	25494
六盘水武汉	25495
六盘水上海	25496
拉萨青岛	25513
洛阳三亚	25515
连云港深圳	25519
柳州天津	25532
柳州青岛	25534
泸州南宁	25535
泸州西安	25536
泸州武汉	25537
牡丹江天津	25548
绵阳青岛	25559
绵阳宁波	25563
梅州上海	25567
梅州西安	25568
梅州天津	25569
梅州北京	25570
南充三亚	25574
白山烟台	25575
齐齐哈尔济南	25584
齐齐哈尔深圳	25586
宁波铜仁	25591
南京铜仁	25602
南京遵义	25606
南京伊宁	25616
南宁运城	25621
南宁西宁	25627
南宁南通	25629
南宁烟台	25636
南阳天津	25639
南通石家庄	25644
满洲里唐山	25651
满洲里济南	25654
满洲里上海	25655
北京阿尔山	25664
北京铜仁	25676
北京昭通	25683
北京吐鲁番	25688
北京普洱	25689
北京日喀则	25694
日照厦门	25696
上海襄阳	25702
上海营口	25708
上海张家口	25710
上海忻州	25714
上海十堰	25715
上海通化	25716
上海万州	25718
上海湛江	25720
上海普洱	25730
沈阳湛江	25750
西安宜春	25757
西安扬州	25765
西安唐山	25766
西安湛江	25772
西安揭阳潮汕	25776
石家庄乌鲁木齐	25786
揭阳潮汕西宁	25791
三亚襄阳	25799
三亚义乌	25801
深圳十堰	25825
深圳盐城	25827
深圳威海	25837
深圳西宁	25838
深圳延吉	25840
青岛宜昌	25850
青岛宜宾	25853
铜仁厦门	25856
通辽榆林	25858
通化天津	25866
天津盐城	25867
天津扬州	25868
天津十堰	25872
天津遵义	25878
天津湛江	25880
太原宜宾	25886
太原珠海	25888
乌鲁木齐徐州	25896
武汉忻州	25908
武汉宜宾	25910
无锡珠海	25915
厦门湛江	25919
厦门宜昌	25922
厦门遵义	25924
厦门宜宾	25925
厦门张家口	25928
西宁珠海	25930
珠海遵义	25933
库车阿克苏	16849
拉萨邦达	16851
揭阳潮汕广州	16854
湛江广州	16855
延吉长春	16857
大连朝阳	16858
成都重庆	16862
广元重庆	16863
铜仁重庆	16866
万州重庆	16867
西昌成都	16873
沈阳丹东	16874
昆明中甸	16875
晋江福州	16882
呼伦贝尔呼和浩特	16887
上海杭州	16892
佳木斯哈尔滨	16894
牡丹江哈尔滨	16895
喀什和田	16897
乌鲁木齐和田	16898
西安汉中	16900
乌鲁木齐且末	16902
武夷山晋江	16906
乌鲁木齐库车	16907
赣州南昌	16910
南宁桂林	16918
南阳洛阳	16919
潍坊临沂	16922
温州宁波	16924
秦皇岛北京	16927
义乌上海	16929
邯郸北京	16947
遵义北京	16988
鄂尔多斯赤峰	16994
南京赤峰	16999
大同长治	17000
武汉长治	17002
海口长治	17003
三亚长治	17004
成都长治	17005
石家庄鄂尔多斯	17010
南京鄂尔多斯	17013
海口大同	17018
呼和浩特二连浩特	17019
呼和浩特邯郸	17022
秦皇岛邯郸	17023
合肥邯郸	17025
满洲里呼和浩特	17027
秦皇岛呼和浩特	17030
宁波呼和浩特	17035
南京呼和浩特	17036
合肥呼和浩特	17037
宜昌唐山	17056
济宁唐山	17057
榆林天津	17090
潍坊天津	17109
威海天津	17110
满洲里乌兰浩特	17140
无锡太原	17196
桂林北海	17215
杭州北海	17226
广州百色	17232
长沙百色	17233
重庆百色	17236
武汉常德	17240
三亚常德	17242
昆明常德	17243
杭州常德	17244
上海怀化	17250
石家庄张家界	17252
海口张家界	17261
宁波张家界	17268
威海张家界	17272
徐州张家界	17274
昆明佛山	17284
无锡佛山	17285
温州佛山	17286
梧州广州	17300
东营广州	17317
井冈山广州	17320
景德镇广州	17323
济宁广州	17324
池州广州	17325
潍坊广州	17337
达州广州	17350
西昌广州	17363
呼和浩特长沙	17370
柳州长沙	17378
恩施长沙	17381
武汉长沙	17382
井冈山长沙	17388
南通长沙	17396
徐州长沙	17400
义乌长沙	17404
绵阳长沙	17408
宜宾长沙	17410
遵义长沙	17411
柳州桂林	17421
南阳桂林	17424
宜昌桂林	17425
盐城桂林	17440
铜仁桂林	17443
石家庄南宁	17448
珠海揭阳潮汕	17474
深圳揭阳潮汕	17475
湛江揭阳潮汕	17476
三亚揭阳潮汕	17480
福州揭阳潮汕	17482
南通珠海	17505
梧州深圳	17514
湛江深圳	17516
襄阳深圳	17521
铜仁深圳	17550
南京梧州	17556
呼和浩特郑州	17573
秦皇岛郑州	17576
宜昌郑州	17580
南通郑州	17587
宜昌恩施	17595
南京恩施	17596
洛阳武汉	17602
南阳武汉	17603
宜昌武汉	17605
三亚海口	17636
乌鲁木齐三亚	17640
拉萨格尔木	17653
银川固原	17654
桂林银川	17665
深圳银川	17666
中卫银川	17676
兰州金昌	17694
乌鲁木齐嘉峪关	17700
石家庄兰州	17704
乌海兰州	17705
乌兰浩特兰州	17706
绵阳兰州	17735
北京庆阳	17740
张掖庆阳	17742
南阳西安	17782
襄阳西安	17783
张掖西安	17791
衢州西安	17805
黄山西安	17813
徐州西安	17817
义乌西安	17820
遵义西安	17829
成都延安	17838
绵阳榆林	17845
乌鲁木齐榆林	17846
贵阳大理	17854
腾冲大理	17855
西双版纳迪庆	17858
贵阳迪庆	17861
拉萨迪庆	17862
德宏西双版纳	17866
昆明西双版纳	17867
腾冲西双版纳	17871
三亚丽江	17882
厦门丽江	17885
北京德宏	17898
永州昆明	17909
柳州昆明	17914
文山昆明	17924
临沂昆明	17935
武夷山昆明	17940
扬州昆明	17943
盐城昆明	17945
义乌昆明	17946
林芝昆明	17958
腾冲昆明	17960
万州昆明	17962
遵义昆明	17967
盐城厦门	18001
武汉安庆	18012
景德镇安庆	18014
福州常州	18021
柳州南昌	18028
海口阜阳	18049
三亚阜阳	18050
杭州阜阳	18051
石家庄福州	18055
柳州福州	18056
宜昌福州	18059
赣州福州	18062
景德镇福州	18064
连城福州	18067
绵阳福州	18072
郑州井冈山	18074
衢州赣州	18083
贵阳赣州	18085
石家庄杭州	18093
南阳杭州	18096
临沂杭州	18103
武汉景德镇	18112
南京景德镇	18113
石家庄济宁	18115
北京池州	18118
宁波连云港	18134
南京台州	18138
三亚临沂	18140
石家庄宁波	18142
乌鲁木齐宁波	18145
连云港合肥	18164
台州合肥	18165
泉州合肥	18169
武夷山合肥	18171
通辽上海	18192
南通上海	18232
温州上海	18240
黔江上海	18252
阜阳青岛	18287
济南青岛	18291
黄山青岛	18297
无锡青岛	18298
徐州青岛	18301
烟台青岛	18302
延吉青岛	18313
深圳泉州	18319
南京泉州	18325
潍坊泉州	18328
无锡泉州	18329
武夷山泉州	18330
温州泉州	18331
深圳淮安	18340
武汉淮安	18341
宁波淮安	18344
衢州上海	18355
桂林黄山	18361
南京潍坊	18377
无锡潍坊	18378
烟台潍坊	18379
武汉威海	18384
无锡威海	18390
郑州无锡	18399
厦门无锡	18402
徐州无锡	18407
沈阳武夷山	18425
珠海温州	18432
宜昌温州	18438
济宁温州	18446
徐州温州	18452
万州温州	18459
呼和浩特徐州	18461
南京徐州	18470
烟台徐州	18471
赤峰烟台	18488
三亚烟台	18495
济南义乌	18509
南京义乌	18511
海口舟山	18519
济南安顺	18526
贵阳毕节	18532
呼和浩特重庆	18537
恩施重庆	18543
连云港重庆	18553
梁平重庆	18564
黔江重庆	18568
武汉达州	18578
海口广元	18581
杭州广元	18582
宁波贵阳	18592
九寨沟贵阳	18594
荔波贵阳	18595
泸州贵阳	18597
铜仁贵阳	18600
乌鲁木齐贵阳	18604
宜宾绵阳	18617
南京南充	18618
临沂成都	18629
攀枝花成都	18634
海口宜宾	18638
乌鲁木齐哈密	18648
库尔勒库车	18649
乌鲁木齐库尔勒	18651
伊宁喀什	18657
沈阳白山	18662
鄂尔多斯长春	18665
呼伦贝尔长春	18667
武汉长春	18677
常州长春	18680
阜阳长春	18682
威海长春	18692
徐州长春	18694
绵阳长春	18697
哈尔滨长春	18700
佳木斯长春	18701
北京大庆	18713
杭州大庆	18716
伊春大庆	18719
长治哈尔滨	18725
满洲里哈尔滨	18729
通辽哈尔滨	18734
济宁哈尔滨	18751
无锡哈尔滨	18759
义乌哈尔滨	18765
白山哈尔滨	18768
漠河哈尔滨	18775
上海佳木斯	18787
青岛佳木斯	18788
威海牡丹江	18803
烟台牡丹江	18804
延吉牡丹江	18807
沈阳齐齐哈尔	18809
邯郸大连	18813
宜昌大连	18826
南昌大连	18830
东营大连	18831
阜阳大连	18832
济宁大连	18835
临沂大连	18838
扬州大连	18845
义乌大连	18847
洛阳沈阳	18868
徐州沈阳	18884
安顺沈阳	18888
乌鲁木齐阿勒泰	18896
伊宁阿勒泰	18897
成都阿坝	18903
黄山安庆	18906
呼和浩特阿拉善左旗	18910
阿拉善右旗阿拉善左旗	18911
通辽包头	18914
柳州北海	18921
乌鲁木齐博乐	18923
昆明保山	18925
重庆常德	18937
白山长春	18947
通辽长春	18948
沈阳朝阳	18951
烟台朝阳	18952
呼和浩特赤峰	18954
稻城重庆	18962
康定重庆	18969
绵阳重庆	18972
襄阳重庆	18978
万州成都	18995
大连丹东	19002
昆明迪庆	19004
沈阳大连	19009
昆明大理	19016
牡丹江大庆	19024
二连浩特鄂尔多斯	19025
锡林浩特鄂尔多斯	19034
揭阳潮汕佛山	19048
湛江佛山	19049
哈尔滨抚远	19050
兰州夏河	19053
石家庄邯郸	19059
黄山合肥	19080
南京淮安	19086
库尔勒哈密	19091
克拉玛依哈密	19092
鸡西哈尔滨	19096
伊春哈尔滨	19097
齐齐哈尔哈尔滨	19100
延吉哈尔滨	19104
库尔勒且末	19117
嘉峪关庆阳	19119
南昌井冈山	19127
南昌泉州	19135
鸡西佳木斯	19137
绵阳九寨沟	19141
伊宁布尔津	19150
乌鲁木齐克拉玛依	19165
万州贵阳	19172
天水兰州	19180
张掖兰州	19181
德宏丽江	19182
腾冲丽江	19184
宜宾丽江	19185
林芝拉萨	19186
南京连云港	19188
梧州南宁	19206
通辽满洲里	19208
阿尔山满洲里	19209
石家庄北京	19212
乌鲁木齐塔城	19245
伊宁乌鲁木齐	19250
锡林浩特乌海	19252
襄阳武汉	19253
厦门武夷山	19255
玉树西宁	19259
丽江兴义	19262
昆明百色	19270
深圳百色	19271
天津百色	19272
成都阿克苏	19273
兰州阿拉善左旗	19290
长沙包头	19296
济宁包头	19303
南宁包头	19307
三亚包头	19313
北京毕节	19323
南昌北海	19333
昆明北海	19334
洛阳北海	19336
三亚北海	19342
济南北海	19343
温州北海	19344
厦门北海	19346
成都昌都	19348
广州保山	19349
赤峰广州	19353
长治广州	19354
丹东广州	19360
大庆广州	19365
黑河广州	19374
哈密广州	19381
黎平广州	19385
九江广州	19391
锦州广州	19395
青阳广州	19396
衢州广州	19397
九寨沟广州	19399
喀什广州	19400
伊春广州	19404
永州广州	19408
满洲里广州	19427
通辽广州	19438
威海广州	19448
文山广州	19449
锡林浩特广州	19457
延吉广州	19464
成都常德	19469
柳州常德	19471
南京常德	19472
大同郑州	19484
鄂尔多斯郑州	19488
哈密郑州	19495
台州郑州	19497
拉萨郑州	19510
石家庄郑州	19519
三亚郑州	19521
腾冲郑州	19524
湛江郑州	19539
遵义郑州	19541
合肥长春	19551
贵阳长春	19558
连云港长春	19561
南宁长春	19564
三亚长春	19570
西宁长春	19582
义乌长春	19584
成都赤峰	19589
昆明赤峰	19591
上海赤峰	19594
西安赤峰	19595
银川长治	19601
大同重庆	19610
邯郸重庆	19619
淮安重庆	19623
嘉峪关重庆	19627
济宁重庆	19630
布尔津重庆	19632
赣州重庆	19634
洛阳重庆	19641
临沂重庆	19642
榆林重庆	19664
延吉重庆	19675
张掖重庆	19678
中卫重庆	19681
大理长沙	19687
九寨沟长沙	19702
赣州长沙	19704
临沂长沙	19709
通辽长沙	19727
武夷山长沙	19736
扬州长沙	19745
大同成都	19750
东营成都	19755
邯郸成都	19762
舟山成都	19768
青阳成都	19778
阿里成都	19796
南通成都	19800
唐山成都	19815
乌海成都	19821
宜春成都	19829
延吉成都	19833
贵阳常州	19847
三亚常州	19854
贵阳大同	19864
南京大同	19865
三亚大同	19869
深圳大同	19870
武汉大同	19872
北京达州	19875
西安稻城	19878
青岛丹东	19884
烟台丹东	19885
杭州迪庆	19886
北京迪庆	19888
上海迪庆	19889
深圳迪庆	19890
丽江大连	19913
连云港大连	19915
通化大连	19932
榆林大连	19937
盐城大连	19948
北京大理	19954
杭州敦煌	19957
阿拉善右旗敦煌	19960
吐鲁番敦煌	19964
天津敦煌	19965
海口东营	19967
宁波东营	19969
南京大庆	19974
沈阳大庆	19977
三亚大庆	19979
济南大庆	19981
天津大庆	19982
威海大庆	19983
福州鄂尔多斯	19985
邯郸鄂尔多斯	19987
合肥鄂尔多斯	19988
贵阳鄂尔多斯	19993
宁波鄂尔多斯	19995
南宁鄂尔多斯	19997
三亚鄂尔多斯	20002
乌鲁木齐鄂尔多斯	20007
温州鄂尔多斯	20008
贵阳张家界	20016
无锡张家界	20031
银川额济纳旗	20035
西安额济纳旗	20037
海口恩施	20038
杭州恩施	20039
北京恩施	20041
深圳恩施	20044
武汉延安	20047
连云港福州	20065
南通福州	20071
襄阳福州	20087
宁波阜阳	20094
南宁佛山	20102
北京佛山	20103
上海佛山	20104
西安佛山	20105
三亚佛山	20106
北京抚远	20108
北京格尔木	20110
拉萨夏河	20112
杭州固原	20117
怀化海口	20121
泸州海口	20139
梅州海口	20140
通辽海口	20153
文山海口	20160
西宁海口	20167
扬州海口	20173
中卫海口	20174
南京邯郸	20179
西安邯郸	20181
厦门邯郸	20183
上海黑河	20185
沈阳黑河	20186
济南黑河	20187
烟台黑河	20188
加格达奇呼和浩特	20193
济宁呼和浩特	20194
丽江呼和浩特	20200
洛阳呼和浩特	20201
南宁呼和浩特	20204
揭阳潮汕呼和浩特	20209
黄山呼和浩特	20215
乌鲁木齐呼和浩特	20216
温州呼和浩特	20217
舟山合肥	20223
和田合肥	20224
赣州合肥	20228
兰州合肥	20231
丽江合肥	20232
宁波合肥	20233
满洲里合肥	20235
运城合肥	20250
济宁杭州	20262
拉萨杭州	20272
洛阳杭州	20273
牡丹江杭州	20277
腾冲杭州	20289
万州杭州	20297
宜宾杭州	20302
阿尔山杭州	20304
延吉杭州	20306
中卫杭州	20309
遵义杭州	20311
南宁淮安	20314
沈阳淮安	20316
揭阳潮汕淮安	20318
湛江淮安	20324
昆明呼伦贝尔	20328
宁波呼伦贝尔	20329
南京呼伦贝尔	20330
秦皇岛呼伦贝尔	20334
石家庄呼伦贝尔	20336
武汉呼伦贝尔	20341
沈阳乌兰浩特	20345
上海哈密	20348
南昌哈尔滨	20352
洛阳哈尔滨	20357
石家庄哈尔滨	20369
榆林哈尔滨	20378
运城哈尔滨	20386
扬州哈尔滨	20390
连云港舟山	20393
深圳舟山	20395
无锡舟山	20397
上海和田	20400
西安和田	20401
银川台州	20402
上海黎平	20414
庆阳银川	20415
嘉峪关银川	20416
贵阳银川	20419
宁波银川	20423
南宁银川	20425
厦门银川	20440
西宁银川	20441
徐州银川	20442
烟台银川	20443
扬州银川	20444
上海庆阳	20447
天津庆阳	20448
北京加格达奇	20454
昆明嘉峪关	20455
阿拉善右旗嘉峪关	20458
天津嘉峪关	20461
南京井冈山	20463
南昌西双版纳	20469
太原西双版纳	20476
西安九江	20485
青阳泉州	20487
昆明泉州	20488
贵阳泉州	20489
绵阳泉州	20490
沈阳泉州	20496
西安泉州	20497
太原泉州	20504
武汉泉州	20506
珠海泉州	20507
三亚佳木斯	20511
烟台佳木斯	20515
烟台锦州	20529
北京青阳	20530
上海青阳	20531
青岛青阳	20532
厦门青阳	20533
天津鸡西	20541
深圳九寨沟	20546
武汉九寨沟	20547
宁波库车	20548
昆明康定	20549
天津喀什	20556
兰州南昌	20560
洛阳南昌	20562
乌鲁木齐南昌	20579
徐州南昌	20582
济南凯里	20588
连云港昆明	20595
南通昆明	20604
攀枝花昆明	20606
秦皇岛昆明	20609
通辽昆明	20616
唐山昆明	20619
威海昆明	20623
无锡昆明	20627
南京赣州	20643
石家庄赣州	20648
济南赣州	20649
珠海赣州	20652
上海库尔勒	20654
石家庄库尔勒	20656
北京克拉玛依	20657
连云港桂林	20695
北京连城	20718
北京伊春	20721
威海伊春	20724
南宁兰州	20730
拉萨丽江	20749
临沂丽江	20750
柳州丽江	20751
南京丽江	20754
青岛丽江	20762
武汉丽江	20767
深圳荔波	20771
北京永州	20772
北京吕梁	20774
西安吕梁	20776
南京德宏	20777
上海德宏	20779
绵阳拉萨	20781
南京拉萨	20782
南宁拉萨	20783
太原拉萨	20789
厦门拉萨	20790
宜宾拉萨	20792
三亚连云港	20805
武汉柳州	20833
上海林芝	20842
深圳林芝	20843
南京牡丹江	20844
三亚牡丹江	20848
无锡牡丹江	20853
济南绵阳	20864
乌鲁木齐绵阳	20867
温州绵阳	20868
宜昌绵阳	20872
深圳白山	20881
潍坊宁波	20905
湛江南京	20937
中卫南京	20938
三亚南宁	20948
腾冲南宁	20951
乌鲁木齐南宁	20955
榆林南宁	20956
徐州南宁	20963
遵义南宁	20967
太原南通	20978
西安满洲里	20986
三亚满洲里	20987
深圳满洲里	20988
天津满洲里	20989
北京漠河	20991
上海漠河	20992
青岛漠河	20993
天津漠河	20994
玉树北京	21033
腾冲上海	21048
榆林上海	21055
西昌上海	21062
锡林浩特上海	21063
锡林浩特沈阳	21094
阿尔山沈阳	21099
义乌沈阳	21100
盐城沈阳	21101
西安秦皇岛	21105
深圳秦皇岛	21106
通辽西安	21113
吐鲁番西安	21114
威海西安	21120
无锡西安	21124
梧州西安	21125
盐城西安	21135
玉树西安	21137
中卫西安	21139
珠海石家庄	21154
天津揭阳潮汕	21157
太原揭阳潮汕	21158
乌鲁木齐揭阳潮汕	21159
锡林浩特三亚	21175
徐州三亚	21178
腾冲深圳	21187
通辽深圳	21189
榆林深圳	21196
遵义深圳	21214
武夷山青岛	21220
运城青岛	21225
义乌青岛	21226
济南通辽	21229
西宁济南	21238
珠海济南	21240
黄山天津	21241
乌海天津	21247
无锡天津	21249
襄阳天津	21250
乌鲁木齐太原	21267
威海太原	21268
烟台太原	21274
无锡乌鲁木齐	21278
烟台乌鲁木齐	21284
珠海乌鲁木齐	21285
厦门榆林	21286
襄阳温州	21291
盐城温州	21296
宜昌乌海	21298
武夷山武汉	21299
延吉武汉	21306
西宁无锡	21314
烟台无锡	21315
中卫西宁	21329
桂林百色	21338
重庆安顺	21340
拉萨昌都	21356
梅州广州	21363
南阳郑州	21370
呼伦贝尔赤峰	21381
黎平重庆	21389
九寨沟重庆	21391
贵阳重庆	21393
永州长沙	21404
铜仁长沙	21406
金昌敦煌	21432
兰州敦煌	21433
呼和浩特鄂尔多斯	21436
呼伦贝尔鄂尔多斯	21437
乌兰浩特鄂尔多斯	21438
衡阳张家界	21443
武汉恩施	21445
佳木斯抚远	21452
石家庄呼和浩特	21468
加格达奇哈尔滨	21492
西宁德令哈	21503
巴彦淖尔银川	21507
西安庆阳	21511
漠河加格达奇	21513
丽江西双版纳	21520
义乌泉州	21524
威海济宁	21526
库尔勒喀什	21530
武汉南昌	21535
乌鲁木齐布尔津	21537
六盘水贵阳	21556
延吉白山	21579
盐城上海	21599
石家庄秦皇岛	21602
榆林西安	21606
榆林太原	21622
宁波兴义	21631
上海百色	21637
郑州阿克苏	21640
杭州阿克苏	21643
北京阿克苏	21644
上海阿克苏	21645
西安阿克苏	21646
青岛阿克苏	21647
广州鞍山	21648
重庆安庆	21652
昆明安庆	21654
宁波安庆	21655
海口安顺	21661
杭州安顺	21662
丽江安顺	21663
北京安顺	21664
三亚安顺	21666
嘉峪关阿拉善左旗	21668
天津阿拉善左旗	21670
重庆包头	21674
石家庄包头	21688
乌鲁木齐包头	21694
厦门包头	21696
西宁包头	21697
杭州毕节	21701
丽江毕节	21703
三亚毕节	21706
怀化北海	21715
沈阳北海	21722
西安北海	21723
石家庄北海	21724
北京保山	21731
大同广州	21739
鄂尔多斯广州	21745
恩施广州	21747
邯郸广州	21752
嘉峪关广州	21765
黔江广州	21767
佳木斯广州	21770
凯里广州	21777
荔波广州	21782
六盘水广州	21784
林芝广州	21791
南充广州	21794
腾冲广州	21810
铜仁广州	21811
通化广州	21813
榆林广州	21819
襄阳广州	21828
扬州广州	21839
遵义广州	21840
福州常德	21841
西安常德	21845
厦门常德	21848
大理郑州	21853
淮安郑州	21860
九寨沟郑州	21868
喀什郑州	21869
库尔勒郑州	21872
宁波郑州	21881
漠河郑州	21885
扬州郑州	21901
张家口郑州	21902
淮安长春	21914
南昌长春	21917
桂林长春	21920
满洲里长春	21924
无锡长春	21940
北京朝阳	21944
青岛长治	21960
厦门长治	21962
鄂尔多斯重庆	21968
河池重庆	21973
库尔勒重庆	21991
柳州重庆	21998
满洲里重庆	22004
腾冲重庆	22013
威海重庆	22021
盐城重庆	22032
扬州重庆	22033
常州长沙	22038
敦煌长沙	22042
呼伦贝尔长沙	22049
黎平长沙	22052
荔波长沙	22061
拉萨长沙	22064
梅州长沙	22069
白山长沙	22070
吐鲁番长沙	22085
盐城长沙	22098
怀化成都	22120
惠州成都	22123
台州成都	22124
克拉玛依成都	22137
连城成都	22139
白山成都	22148
伊宁成都	22184
盐城成都	22187
昭通成都	22190
兰州常州	22201
宜昌常州	22209
呼和浩特大同	22211
泉州达州	22220
呼和浩特大连	22240
呼伦贝尔大连	22243
舟山大连	22244
南阳大连	22262
满洲里大连	22264
揭阳潮汕大连	22269
天水大连	22272
西宁大连	22284
运城大连	22286
遵义大连	22289
杭州大理	22290
上海大理	22293
深圳大理	22295
库尔勒敦煌	22300
西安大庆	22316
海口鄂尔多斯	22320
青岛鄂尔多斯	22333
济南鄂尔多斯	22334
武汉鄂尔多斯	22337
昆明张家界	22343
嘉峪关额济纳旗	22357
昆明恩施	22361
天津恩施	22365
呼和浩特福州	22371
临沂福州	22387
铜仁福州	22399
西昌福州	22408
延吉福州	22412
上海抚远	22423
上海广元	22430
河池海口	22434
邯郸海口	22435
呼伦贝尔海口	22441
井冈山海口	22444
凯里海口	22448
六盘水海口	22454
临沂海口	22457
南充海口	22462
南通海口	22466
武夷山海口	22484
无锡海口	22485
盐城海口	22494
北京黑河	22500
三亚呼和浩特	22521
西宁合肥	22555
呼伦贝尔杭州	22561
黔江杭州	22566
康定杭州	22572
凯里杭州	22574
连城杭州	22579
六盘水杭州	22582
绵阳杭州	22590
白山杭州	22592
满洲里杭州	22595
铜仁杭州	22604
唐山杭州	22606
襄阳杭州	22614
宜昌杭州	22621
哈尔滨淮安	22628
三亚淮安	22631
温州淮安	22633
厦门淮安	22634
昆明怀化	22635
西安怀化	22637
深圳怀化	22638
漠河呼伦贝尔	22641
西安呼伦贝尔	22644
青岛呼伦贝尔	22647
厦门呼伦贝尔	22652
烟台呼伦贝尔	22653
上海乌兰浩特	22656
兰州哈密	22659
西安衡阳	22665
三亚衡阳	22666
泉州哈尔滨	22668
连云港哈尔滨	22674
南宁哈尔滨	22678
潍坊哈尔滨	22695
西宁哈尔滨	22701
阿尔山哈尔滨	22704
盐城哈尔滨	22706
昆明惠州	22718
北京惠州	22719
上海惠州	22720
西安台州	22726
上海汉中	22731
南昌银川	22735
昆明银川	22736
拉萨银川	22739
揭阳潮汕银川	22748
温州银川	22757
南京嘉峪关	22771
上海嘉峪关	22774
天津井冈山	22779
北京西双版纳	22783
武汉西双版纳	22789
无锡西双版纳	22790
南通泉州	22803
石家庄泉州	22808
三亚泉州	22809
青岛泉州	22811
济南泉州	22812
西宁泉州	22817
沈阳佳木斯	22820
深圳佳木斯	22821
沈阳鸡西	22839
青岛鸡西	22841
上海喀什	22851
深圳喀什	22853
丽江南昌	22859
石家庄南昌	22867
三亚南昌	22868
西宁南昌	22875
桂林凯里	22879
北京凯里	22880
绵阳昆明	22891
铜仁昆明	22907
黄山昆明	22910
襄阳昆明	22919
宜春昆明	22924
武汉赣州	22937
武汉库尔勒	22941
绵阳贵阳	22946
无锡贵阳	22966
宜宾贵阳	22971
宜昌贵阳	22972
烟台贵阳	22973
昭通贵阳	22975
连城桂林	22978
石家庄桂林	22990
湛江桂林	23003
拉萨兰州	23009
洛阳兰州	23010
连云港兰州	23011
宁波兰州	23015
无锡兰州	23032
宜宾兰州	23034
义乌兰州	23036
遵义兰州	23037
泸州丽江	23039
绵阳丽江	23040
宁波丽江	23041
北京丽江	23044
沈阳丽江	23046
石家庄丽江	23048
天津丽江	23052
文山丽江	23054
温州丽江	23055
徐州丽江	23059
南宁荔波	23061
上海荔波	23062
西安荔波	23063
北京六盘水	23069
深圳德宏	23073
南充拉萨	23075
石家庄拉萨	23080
天津拉萨	23082
玉树拉萨	23087
乌鲁木齐连云港	23097
南宁临沂	23101
厦门临沂	23110
南京柳州	23111
南京泸州	23119
北京林芝	23126
青岛林芝	23128
深圳牡丹江	23132
南京绵阳	23136
南宁绵阳	23137
三亚绵阳	23143
武汉绵阳	23148
厦门绵阳	23149
武汉白山	23164
西宁宁波	23186
通辽南京	23196
武夷山南宁	23227
无锡南宁	23228
义乌南宁	23232
三亚南通	23241
青岛南通	23243
石家庄满洲里	23249
厦门满洲里	23253
攀枝花北京	23256
腾冲北京	23263
通化北京	23267
伊宁北京	23288
深圳攀枝花	23298
西安巴彦淖尔	23299
青岛巴彦淖尔	23300
天津巴彦淖尔	23301
铜仁上海	23311
乌海上海	23321
宜春上海	23330
伊宁上海	23332
张掖上海	23335
中卫上海	23337
遵义上海	23340
扬州沈阳	23360
张家口沈阳	23361
石家庄西安	23362
西昌西安	23377
锡林浩特西安	23378
伊宁西安	23384
榆林石家庄	23399
唐山三亚	23415
宜春三亚	23427
通化深圳	23437
万州深圳	23448
张家口深圳	23461
宜春青岛	23474
盐城青岛	23477
延吉济南	23488
乌鲁木齐天津	23493
锡林浩特天津	23498
西宁天津	23500
义乌天津	23502
延吉天津	23503
珠海天津	23508
太原黄山	23511
盐城太原	23521
张掖乌鲁木齐	23530
中卫乌鲁木齐	23531
遵义温州	23537
义乌梧州	23548
西宁厦门	23551
宜春厦门	23555
重庆阿坝	23570
和田阿克苏	23571
乌鲁木齐阿克苏	23572
额济纳旗阿拉善左旗	23576
重庆毕节	23582
荔波重庆	23621
西昌重庆	23627
神农架重庆	23630
攀枝花重庆	23632
稻城成都	23647
黔江成都	23648
康定稻城	23654
泸州稻城	23655
西双版纳大理	23666
嘉峪关敦煌	23667
张掖敦煌	23668
呼伦贝尔大庆	23671
满洲里鄂尔多斯	23677
阿拉善右旗额济纳旗	23679
乌鲁木齐富蕴	23688
西宁格尔木	23689
西安固原	23690
漠河黑河	23695
吕梁呼和浩特	23700
济宁合肥	23710
连云港杭州	23715
乌兰浩特呼伦贝尔	23722
阿尔山乌兰浩特	23724
通辽乌兰浩特	23725
吐鲁番哈密	23727
武汉神农架	23729
榆林银川	23744
兰州嘉峪关	23751
烟台济宁	23761
乌鲁木齐喀什	23766
石河子喀什	23767
贵阳凯里	23772
昭通昆明	23775
普洱昆明	23776
西昌昆明	23777
宁蒗昆明	23782
克拉玛依库尔勒	23789
梧州桂林	23798
普洱丽江	23805
珠海柳州	23812
深圳梅州	23813
珠海梅州	23814
西安南充	23815
乌鲁木齐新源	23823
武汉十堰	23861
珠海湛江	23865
桂林安顺	23873
西安阿拉善左旗	23875
广州博鳌	23876
深圳博鳌	23877
珠海博鳌	23878
成都毕节	23882
西双版纳毕节	23883
贵阳北海	23887
徐州秦皇岛	23890
宜春广州	23905
日照郑州	23915
唐山长春	23923
天津朝阳	23925
惠州长沙	23944
夏河成都	23966
遵义成都	23972
青岛常州	23973
榆林大同	23978
昆明稻城	23979
哈尔滨丹东	23980
日照大连	23990
天津东营	23999
西安恩施	24007
天津二连浩特	24009
义乌福州	24020
黄山佛山	24022
银川夏河	24023
惠州海口	24025
临汾呼和浩特	24030
威海合肥	24039
义乌合肥	24041
淮安杭州	24043
景德镇杭州	24044
盐城杭州	24059
石家庄淮安	24060
天津淮安	24061
哈尔滨乌兰浩特	24066
营口哈尔滨	24068
青岛舟山	24070
临汾银川	24076
天水银川	24077
忻州银川	24079
天津锦州	24093
宁波池州	24094
济南池州	24095
南宁凯里	24107
荔波昆明	24108
六盘水昆明	24109
天津临汾	24126
吕梁兰州	24127
榆林兰州	24129
遵义丽江	24132
天津吕梁	24137
天津临沂	24146
揭阳潮汕柳州	24147
三亚柳州	24148
湛江柳州	24150
沈阳牡丹江	24151
铜仁南宁	24166
文山南宁	24167
烟台南通	24173
日照北京	24174
上海日照	24182
三明上海	24183
十堰西安	24200
武汉三明	24207
珠海三明	24208
乌兰察布天津	24219
忻州天津	24222
运城天津	24224
太原唐山	24226
乌海太原	24229
遵义武汉	24236
珠海武夷山	24237
盐城烟台	24240
海口兴义	24241
成都兴义	24242
福州兴义	24244
重庆阿克苏	24255
西安安庆	24261
海口安庆	24263
上海安顺	24270
青岛安顺	24272
青岛包头	24282
哈尔滨包头	24284
贵阳包头	24287
深圳包头	24296
武汉毕节	24299
海口毕节	24300
深圳毕节	24301
厦门毕节	24303
遵义北海	24308
丽江北海	24314
哈尔滨北海	24324
长春北海	24325
武汉博乐	24329
重庆昌都	24330
天津昌都	24331
杭州保山	24333
阜阳广州	24341
十堰广州	24364
临汾广州	24382
日照广州	24388
吕梁广州	24390
德宏广州	24393
延安广州	24397
乌海广州	24411
白山广州	24417
鸡西广州	24425
呼伦贝尔广州	24427
绵阳郑州	24442
威海郑州	24447
柳州郑州	24455
泉州郑州	24458
梅州郑州	24460
呼伦贝尔郑州	24471
延吉郑州	24475
石河子郑州	24479
天津长春	24487
呼和浩特长春	24490
石家庄长春	24491
太原长春	24493
宁波长春	24499
银川长春	24500
十堰长春	24504
兰州长春	24507
珠海长春	24518
乌鲁木齐长春	24521
上海朝阳	24523
杭州赤峰	24525
沈阳长治	24530
昆明长治	24532
固原重庆	24536
吕梁重庆	24545
文山重庆	24548
惠州重庆	24554
忻州重庆	24556
梧州重庆	24558
林芝重庆	24570
南通重庆	24571
日照重庆	24592
烟台重庆	24593
通辽重庆	24598
六盘水长沙	24605
泸州长沙	24608
榆林长沙	24615
吕梁长沙	24620
鄂尔多斯长沙	24631
迪庆长沙	24634
大庆长沙	24641
满洲里长沙	24643
玉树成都	24647
铜仁成都	24649
普洱成都	24658
榆林成都	24660
格尔木成都	24673
张家口成都	24695
嘉峪关成都	24696
大庆成都	24725
库尔勒成都	24726
呼伦贝尔成都	24728
喀什成都	24730
银川常州	24737
海口常州	24740
哈尔滨大同	24745
厦门大同	24747
昆明大同	24748
杭州达州	24754
拉萨达州	24756
三亚达州	24757
杭州稻城	24759
杭州丹东	24761
西安迪庆	24764
锡林浩特大连	24768
南通大连	24769
无锡大连	24771
鄂尔多斯大连	24787
汉中大连	24795
泉州大连	24801
六盘水大连	24807
三亚大连	24811
西安大理	24814
武汉大理	24815
南京大理	24818
天津大理	24820
西宁敦煌	24822
青岛敦煌	24826
南京敦煌	24829
上海敦煌	24831
福州敦煌	24832
杭州东营	24833
西安东营	24835
青岛大庆	24838
上海大庆	24840
武汉大庆	24842
烟台鄂尔多斯	24847
南宁张家界	24857
淮安张家界	24860
银川张家界	24861
连云港张家界	24864
上海恩施	24872
盐城福州	24881
梧州福州	24883
西宁福州	24907
拉萨福州	24911
呼伦贝尔福州	24912
北京阜阳	24915
西安夏河	24925
上海固原	24931
荔波海口	24932
万州海口	24949
南阳海口	24956
汉中海口	24961
淮安海口	24969
临汾海口	24970
张家口海口	24987
锦州海口	24988
杭州邯郸	24994
哈尔滨邯郸	24995
深圳邯郸	24996
西宁呼和浩特	25005
临沂呼和浩特	25008
宜昌呼和浩特	25011
无锡呼和浩特	25015
厦门呼和浩特	25021
珠海合肥	25032
贵阳合肥	25033
银川合肥	25034
惠州杭州	25048
南充杭州	25065
泸州杭州	25068
九寨沟杭州	25075
西昌杭州	25083
德宏杭州	25089
喀什杭州	25094
北京淮安	25095
昆明淮安	25101
北京怀化	25104
太原呼伦贝尔	25110
济南呼伦贝尔	25112
盐城呼伦贝尔	25113
无锡呼伦贝尔	25116
泉州呼伦贝尔	25118
深圳呼伦贝尔	25120
北京乌兰浩特	25121
天津乌兰浩特	25122
太原乌兰浩特	25123
昆明衡阳	25128
上海衡阳	25130
北京衡阳	25132
上海神农架	25133
唐山哈尔滨	25135
张家口哈尔滨	25141
日照哈尔滨	25143
临沂哈尔滨	25145
徐州哈尔滨	25148
太原哈尔滨	25152
南通哈尔滨	25158
襄阳哈尔滨	25163
黄山哈尔滨	25167
揭阳潮汕哈尔滨	25173
三亚哈尔滨	25180
揭阳潮汕舟山	25182
天津舟山	25183
北京和田	25186
西安惠州	25190
南宁台州	25196
北京汉中	25199
深圳汉中	25201
洛阳银川	25204
无锡银川	25217
吐鲁番银川	25219
珠海银川	25224
三亚银川	25228
西安西双版纳	25246
南京西双版纳	25249
温州西双版纳	25251
宁波西双版纳	25252
西安金昌	25256
北京金昌	25257
徐州泉州	25262
南宁泉州	25264
北京泉州	25272
兰州泉州	25276
天津佳木斯	25280
南宁济宁	25285
北京鸡西	25289
上海鸡西	25291
三亚鸡西	25292
石家庄九寨沟	25293
拉萨康定	25297
兰州喀什	25299
北京喀什	25301
济南喀什	25302
南通南昌	25305
遵义南昌	25308
南充昆明	25323
三亚昆明	25327
十堰昆明	25337
赣州昆明	25338
南阳昆明	25340
临汾昆明	25342
烟台昆明	25365
青岛赣州	25371
济南库尔勒	25376
青岛库尔勒	25378
腾冲贵阳	25383
南阳贵阳	25385
榆林贵阳	25392
扬州贵阳	25396
临沂贵阳	25399
拉萨贵阳	25403
徐州桂林	25415
南通桂林	25419
临沂桂林	25420
西宁桂林	25429
烟台桂林	25430
上海伊春	25435
青岛临汾	25436
上海临汾	25437
运城兰州	25438
十堰兰州	25439
泸州兰州	25441
宜昌兰州	25445
丽江兰州	25448
柳州兰州	25456
南通兰州	25460
揭阳潮汕兰州	25469
南宁丽江	25472
济南丽江	25477
无锡丽江	25485
上海吕梁	25493
西安六盘水	25494
武汉六盘水	25495
上海六盘水	25496
青岛拉萨	25513
三亚洛阳	25515
深圳连云港	25519
天津柳州	25532
青岛柳州	25534
南宁泸州	25535
西安泸州	25536
武汉泸州	25537
天津牡丹江	25548
青岛绵阳	25559
宁波绵阳	25563
上海梅州	25567
西安梅州	25568
天津梅州	25569
北京梅州	25570
三亚南充	25574
烟台白山	25575
济南齐齐哈尔	25584
深圳齐齐哈尔	25586
铜仁宁波	25591
铜仁南京	25602
遵义南京	25606
伊宁南京	25616
运城南宁	25621
西宁南宁	25627
南通南宁	25629
烟台南宁	25636
天津南阳	25639
石家庄南通	25644
唐山满洲里	25651
济南满洲里	25654
上海满洲里	25655
阿尔山北京	25664
铜仁北京	25676
昭通北京	25683
吐鲁番北京	25688
普洱北京	25689
日喀则北京	25694
厦门日照	25696
襄阳上海	25702
营口上海	25708
张家口上海	25710
忻州上海	25714
十堰上海	25715
通化上海	25716
万州上海	25718
湛江上海	25720
普洱上海	25730
湛江沈阳	25750
宜春西安	25757
扬州西安	25765
唐山西安	25766
湛江西安	25772
揭阳潮汕西安	25776
乌鲁木齐石家庄	25786
西宁揭阳潮汕	25791
襄阳三亚	25799
义乌三亚	25801
十堰深圳	25825
盐城深圳	25827
威海深圳	25837
西宁深圳	25838
延吉深圳	25840
宜昌青岛	25850
宜宾青岛	25853
厦门铜仁	25856
榆林通辽	25858
天津通化	25866
盐城天津	25867
扬州天津	25868
十堰天津	25872
遵义天津	25878
湛江天津	25880
宜宾太原	25886
珠海太原	25888
徐州乌鲁木齐	25896
忻州武汉	25908
宜宾武汉	25910
珠海无锡	25915
湛江厦门	25919
宜昌厦门	25922
遵义厦门	25924
宜宾厦门	25925
张家口厦门	25928
珠海西宁	25930
遵义珠海	25933
