city1_2,flight,plane,city1,city2,city3,city4,city5,remarks,flight_account,flag
邦达成都,NA,NA,NA,NA,NA,NA,NA,NA,NA,197
成都邦达,NA,NA,NA,NA,NA,NA,NA,NA,NA,197
上海虹桥南通,NA,NA,NA,NA,NA,NA,NA,NA,NA,18232
南宁北京南苑,NA,NA,NA,NA,NA,NA,NA,NA,NA,2515
北京南苑常州,NA,NA,NA,NA,NA,NA,NA,NA,NA,208
常州北京南苑,NA,NA,NA,NA,NA,NA,NA,NA,NA,208
大理北京南苑,NA,NA,NA,NA,NA,NA,NA,NA,NA,19954
厦门连城,NA,NA,NA,NA,NA,NA,NA,NA,NA,7175
连城厦门,NA,NA,NA,NA,NA,NA,NA,NA,NA,7175
赣州景德镇,NA,NA,NA,NA,NA,NA,NA,NA,NA,7204
景德镇赣州,NA,NA,NA,NA,NA,NA,NA,NA,NA,7204
合肥阜阳,NA,NA,NA,NA,NA,NA,NA,NA,NA,7206
北京南苑东营,NA,NA,NA,NA,NA,NA,NA,NA,NA,379
东营北京南苑,NA,NA,NA,NA,NA,NA,NA,NA,NA,379
北京南苑敦煌,NA,NA,NA,NA,NA,NA,NA,NA,NA,381
敦煌北京南苑,NA,NA,NA,NA,NA,NA,NA,NA,NA,381
长春大连,NA,NA,NA,NA,NA,NA,NA,NA,NA,413
大连长春,NA,NA,NA,NA,NA,NA,NA,NA,NA,413
北京南苑赣州,NA,NA,NA,NA,NA,NA,NA,NA,NA,424
赣州北京南苑,NA,NA,NA,NA,NA,NA,NA,NA,NA,424
北京南苑广元,NA,NA,NA,NA,NA,NA,NA,NA,NA,432
广元北京南苑,NA,NA,NA,NA,NA,NA,NA,NA,NA,432
鄂尔多斯贵阳,NA,NA,NA,NA,NA,NA,NA,NA,NA,19993
鄂尔多斯宁波,NA,NA,NA,NA,NA,NA,NA,NA,NA,19995
鄂尔多斯南宁,NA,NA,NA,NA,NA,NA,NA,NA,NA,19997
鄂尔多斯三亚,NA,NA,NA,NA,NA,NA,NA,NA,NA,20002
长春满洲里,NA,NA,NA,NA,NA,NA,NA,NA,NA,21924
鄂尔多斯温州,NA,NA,NA,NA,NA,NA,NA,NA,NA,20008
扬州武汉,NA,NA,NA,NA,NA,NA,NA,NA,NA,12021
运城福州,NA,NA,NA,NA,NA,NA,NA,NA,NA,7248
福州运城,NA,NA,NA,NA,NA,NA,NA,NA,NA,7248
库车阿克苏,NA,NA,NA,NA,NA,NA,NA,NA,NA,16849
上海浦东连云港,NA,NA,NA,NA,NA,NA,NA,NA,NA,12035
北京南苑丹东,NA,NA,NA,NA,NA,NA,NA,NA,NA,7260
丹东北京南苑,NA,NA,NA,NA,NA,NA,NA,NA,NA,7260
恩施深圳,NA,NA,NA,NA,NA,NA,NA,NA,NA,20044
北京南苑佳木斯,NA,NA,NA,NA,NA,NA,NA,NA,NA,761
佳木斯北京南苑,NA,NA,NA,NA,NA,NA,NA,NA,NA,761
乌海北京南苑,NA,NA,NA,NA,NA,NA,NA,NA,NA,12105
北京南苑乌海,NA,NA,NA,NA,NA,NA,NA,NA,NA,12105
北京南苑吉林,NA,NA,NA,NA,NA,NA,NA,NA,NA,766
吉林北京南苑,NA,NA,NA,NA,NA,NA,NA,NA,NA,766
北京南苑济南,NA,NA,NA,NA,NA,NA,NA,NA,NA,774
济南北京南苑,NA,NA,NA,NA,NA,NA,NA,NA,NA,774
临沂济南,NA,NA,NA,NA,NA,NA,NA,NA,NA,7319
佛山三亚,NA,NA,NA,NA,NA,NA,NA,NA,NA,20106
抚远北京南苑,NA,NA,NA,NA,NA,NA,NA,NA,NA,20108
济南石家庄,NA,NA,NA,NA,NA,NA,NA,NA,NA,7355
北京南苑晋江,NA,NA,NA,NA,NA,NA,NA,NA,NA,817
晋江北京南苑,NA,NA,NA,NA,NA,NA,NA,NA,NA,817
北京南苑锦州,NA,NA,NA,NA,NA,NA,NA,NA,NA,836
锦州北京南苑,NA,NA,NA,NA,NA,NA,NA,NA,NA,836
乌鲁木齐且末,NA,NA,NA,NA,NA,NA,NA,NA,NA,16902
西安长治,NA,NA,NA,NA,NA,NA,NA,NA,NA,7371
长治西安,NA,NA,NA,NA,NA,NA,NA,NA,NA,7371
武汉南京,NA,NA,NA,NA,NA,NA,NA,NA,NA,7390
南京武汉,NA,NA,NA,NA,NA,NA,NA,NA,NA,7390
海口中卫,NA,NA,NA,NA,NA,NA,NA,NA,NA,20174
邯郸南京,NA,NA,NA,NA,NA,NA,NA,NA,NA,20179
邯郸西安,NA,NA,NA,NA,NA,NA,NA,NA,NA,20181
秦皇岛北京南苑,NA,NA,NA,NA,NA,NA,NA,NA,NA,16927
义乌上海浦东,NA,NA,NA,NA,NA,NA,NA,NA,NA,16929
长沙晋江,NA,NA,NA,NA,NA,NA,NA,NA,NA,918
晋江长沙,NA,NA,NA,NA,NA,NA,NA,NA,NA,918
黑河烟台,NA,NA,NA,NA,NA,NA,NA,NA,NA,20188
南京赤峰,NA,NA,NA,NA,NA,NA,NA,NA,NA,16999
上海浦东阜阳,NA,NA,NA,NA,NA,NA,NA,NA,NA,12243
阜阳上海浦东,NA,NA,NA,NA,NA,NA,NA,NA,NA,12243
福州杭州,NA,NA,NA,NA,NA,NA,NA,NA,NA,951
杭州福州,NA,NA,NA,NA,NA,NA,NA,NA,NA,951
济宁青岛,NA,NA,NA,NA,NA,NA,NA,NA,NA,7429
北京南苑张家界,NA,NA,NA,NA,NA,NA,NA,NA,NA,7454
成都晋江,NA,NA,NA,NA,NA,NA,NA,NA,NA,974
晋江成都,NA,NA,NA,NA,NA,NA,NA,NA,NA,974
大连吉林,NA,NA,NA,NA,NA,NA,NA,NA,NA,1028
吉林大连,NA,NA,NA,NA,NA,NA,NA,NA,NA,1028
重庆晋江,NA,NA,NA,NA,NA,NA,NA,NA,NA,1029
晋江重庆,NA,NA,NA,NA,NA,NA,NA,NA,NA,1029
福州武夷山,NA,NA,NA,NA,NA,NA,NA,NA,NA,7460
合肥宁波,NA,NA,NA,NA,NA,NA,NA,NA,NA,20233
合肥满洲里,NA,NA,NA,NA,NA,NA,NA,NA,NA,20235
深圳敦煌,NA,NA,NA,NA,NA,NA,NA,NA,NA,7488
敦煌深圳,NA,NA,NA,NA,NA,NA,NA,NA,NA,7488
青岛秦皇岛,NA,NA,NA,NA,NA,NA,NA,NA,NA,7495
秦皇岛青岛,NA,NA,NA,NA,NA,NA,NA,NA,NA,7495
杭州牡丹江,NA,NA,NA,NA,NA,NA,NA,NA,NA,20277
安庆上海浦东,NA,NA,NA,NA,NA,NA,NA,NA,NA,1119
上海浦东安庆,NA,NA,NA,NA,NA,NA,NA,NA,NA,1119
广州吉林,NA,NA,NA,NA,NA,NA,NA,NA,NA,1137
吉林广州,NA,NA,NA,NA,NA,NA,NA,NA,NA,1137
鄂尔多斯深圳,NA,NA,NA,NA,NA,NA,NA,NA,NA,7514
杭州中卫,NA,NA,NA,NA,NA,NA,NA,NA,NA,20309
榆林上海虹桥,NA,NA,NA,NA,NA,NA,NA,NA,NA,21055
东营郑州,NA,NA,NA,NA,NA,NA,NA,NA,NA,7532
郑州东营,NA,NA,NA,NA,NA,NA,NA,NA,NA,7532
敦煌大连,NA,NA,NA,NA,NA,NA,NA,NA,NA,7541
广州晋江,NA,NA,NA,NA,NA,NA,NA,NA,NA,1189
晋江广州,NA,NA,NA,NA,NA,NA,NA,NA,NA,1189
呼伦贝尔宁波,NA,NA,NA,NA,NA,NA,NA,NA,NA,20329
呼伦贝尔南京,NA,NA,NA,NA,NA,NA,NA,NA,NA,20330
德宏重庆,NA,NA,NA,NA,NA,NA,NA,NA,NA,12455
武夷山上海浦东,NA,NA,NA,NA,NA,NA,NA,NA,NA,7579
上海浦东武夷山,NA,NA,NA,NA,NA,NA,NA,NA,NA,7579
杭州武夷山,NA,NA,NA,NA,NA,NA,NA,NA,NA,12472
徐州张家界,NA,NA,NA,NA,NA,NA,NA,NA,NA,17274
武夷山连城,NA,NA,NA,NA,NA,NA,NA,NA,NA,7596
连城武夷山,NA,NA,NA,NA,NA,NA,NA,NA,NA,7596
合肥揭阳潮汕,NA,NA,NA,NA,NA,NA,NA,NA,NA,12516
海口吉林,NA,NA,NA,NA,NA,NA,NA,NA,NA,1270
吉林海口,NA,NA,NA,NA,NA,NA,NA,NA,NA,1270
伊宁上海虹桥,NA,NA,NA,NA,NA,NA,NA,NA,NA,23332
南充成都,NA,NA,NA,NA,NA,NA,NA,NA,NA,7612
成都南充,NA,NA,NA,NA,NA,NA,NA,NA,NA,7612
舟山无锡,NA,NA,NA,NA,NA,NA,NA,NA,NA,20397
长春揭阳潮汕,NA,NA,NA,NA,NA,NA,NA,NA,NA,1310
揭阳潮汕长春,NA,NA,NA,NA,NA,NA,NA,NA,NA,1310
南京宜昌,NA,NA,NA,NA,NA,NA,NA,NA,NA,7642
西昌北京南苑,NA,NA,NA,NA,NA,NA,NA,NA,NA,7645
北京南苑西昌,NA,NA,NA,NA,NA,NA,NA,NA,NA,7645
白山北京南苑,NA,NA,NA,NA,NA,NA,NA,NA,NA,12571
武汉长沙,NA,NA,NA,NA,NA,NA,NA,NA,NA,17382
井冈山长沙,NA,NA,NA,NA,NA,NA,NA,NA,NA,17388
杭州晋江,NA,NA,NA,NA,NA,NA,NA,NA,NA,1365
晋江杭州,NA,NA,NA,NA,NA,NA,NA,NA,NA,1365
长治福州,NA,NA,NA,NA,NA,NA,NA,NA,NA,7653
上海虹桥伊春,NA,NA,NA,NA,NA,NA,NA,NA,NA,25435
银川烟台,NA,NA,NA,NA,NA,NA,NA,NA,NA,20443
银川扬州,NA,NA,NA,NA,NA,NA,NA,NA,NA,20444
柳州桂林,NA,NA,NA,NA,NA,NA,NA,NA,NA,17421
庆阳天津,NA,NA,NA,NA,NA,NA,NA,NA,NA,20448
福州宁波,NA,NA,NA,NA,NA,NA,NA,NA,NA,1395
宁波福州,NA,NA,NA,NA,NA,NA,NA,NA,NA,1395
合肥济南,NA,NA,NA,NA,NA,NA,NA,NA,NA,1398
济南合肥,NA,NA,NA,NA,NA,NA,NA,NA,NA,1398
安庆温州,NA,NA,NA,NA,NA,NA,NA,NA,NA,1404
温州安庆,NA,NA,NA,NA,NA,NA,NA,NA,NA,1404
连云港烟台,NA,NA,NA,NA,NA,NA,NA,NA,NA,7690
盐城南通,NA,NA,NA,NA,NA,NA,NA,NA,NA,7693
贵阳德宏,NA,NA,NA,NA,NA,NA,NA,NA,NA,1423
德宏贵阳,NA,NA,NA,NA,NA,NA,NA,NA,NA,1423
合肥晋江,NA,NA,NA,NA,NA,NA,NA,NA,NA,1433
晋江合肥,NA,NA,NA,NA,NA,NA,NA,NA,NA,1433
徐州秦皇岛,NA,NA,NA,NA,NA,NA,NA,NA,NA,23890
西双版纳贵阳,NA,NA,NA,NA,NA,NA,NA,NA,NA,6001
格尔木青岛,NA,NA,NA,NA,NA,NA,NA,NA,NA,1442
青岛格尔木,NA,NA,NA,NA,NA,NA,NA,NA,NA,1442
泉州珠海,NA,NA,NA,NA,NA,NA,NA,NA,NA,20507
佳木斯三亚,NA,NA,NA,NA,NA,NA,NA,NA,NA,20511
佳木斯烟台,NA,NA,NA,NA,NA,NA,NA,NA,NA,20515
丽江常州,NA,NA,NA,NA,NA,NA,NA,NA,NA,7736
常州丽江,NA,NA,NA,NA,NA,NA,NA,NA,NA,7736
青阳上海浦东,NA,NA,NA,NA,NA,NA,NA,NA,NA,20531
哈尔滨呼伦贝尔,NA,NA,NA,NA,NA,NA,NA,NA,NA,12792
呼伦贝尔哈尔滨,NA,NA,NA,NA,NA,NA,NA,NA,NA,12792
鸡西天津,NA,NA,NA,NA,NA,NA,NA,NA,NA,20541
洛阳海口,NA,NA,NA,NA,NA,NA,NA,NA,NA,7756
海口洛阳,NA,NA,NA,NA,NA,NA,NA,NA,NA,7756
库车宁波,NA,NA,NA,NA,NA,NA,NA,NA,NA,20548
康定昆明,NA,NA,NA,NA,NA,NA,NA,NA,NA,20549
喀什天津,NA,NA,NA,NA,NA,NA,NA,NA,NA,20556
济南晋江,NA,NA,NA,NA,NA,NA,NA,NA,NA,1507
晋江济南,NA,NA,NA,NA,NA,NA,NA,NA,NA,1507
锡林浩特赤峰,NA,NA,NA,NA,NA,NA,NA,NA,NA,6100
南昌徐州,NA,NA,NA,NA,NA,NA,NA,NA,NA,20582
常州太原,NA,NA,NA,NA,NA,NA,NA,NA,NA,1518
太原常州,NA,NA,NA,NA,NA,NA,NA,NA,NA,1518
大连锦州,NA,NA,NA,NA,NA,NA,NA,NA,NA,7805
昆明攀枝花,NA,NA,NA,NA,NA,NA,NA,NA,NA,20606
昆明秦皇岛,NA,NA,NA,NA,NA,NA,NA,NA,NA,20609
昆明通辽,NA,NA,NA,NA,NA,NA,NA,NA,NA,20616
杭州南京,NA,NA,NA,NA,NA,NA,NA,NA,NA,1557
南京杭州,NA,NA,NA,NA,NA,NA,NA,NA,NA,1557
晋江昆明,NA,NA,NA,NA,NA,NA,NA,NA,NA,1576
昆明晋江,NA,NA,NA,NA,NA,NA,NA,NA,NA,1576
赣州石家庄,NA,NA,NA,NA,NA,NA,NA,NA,NA,20648
运城贵阳,NA,NA,NA,NA,NA,NA,NA,NA,NA,7850
贵阳运城,NA,NA,NA,NA,NA,NA,NA,NA,NA,7850
库尔勒上海浦东,NA,NA,NA,NA,NA,NA,NA,NA,NA,20654
锦州昆明,NA,NA,NA,NA,NA,NA,NA,NA,NA,1589
昆明锦州,NA,NA,NA,NA,NA,NA,NA,NA,NA,1589
北京南苑武夷山,NA,NA,NA,NA,NA,NA,NA,NA,NA,1605
武夷山北京南苑,NA,NA,NA,NA,NA,NA,NA,NA,NA,1605
西双版纳迪庆,NA,NA,NA,NA,NA,NA,NA,NA,NA,17858
伊春威海,NA,NA,NA,NA,NA,NA,NA,NA,NA,20724
武汉临沂,NA,NA,NA,NA,NA,NA,NA,NA,NA,13133
天津洛阳,NA,NA,NA,NA,NA,NA,NA,NA,NA,7880
台州南昌,NA,NA,NA,NA,NA,NA,NA,NA,NA,1627
南昌台州,NA,NA,NA,NA,NA,NA,NA,NA,NA,1627
三亚丽江,NA,NA,NA,NA,NA,NA,NA,NA,NA,17882
丽江青岛,NA,NA,NA,NA,NA,NA,NA,NA,NA,20762
北京南苑德宏,NA,NA,NA,NA,NA,NA,NA,NA,NA,17898
珠海台州,NA,NA,NA,NA,NA,NA,NA,NA,NA,7915
台州珠海,NA,NA,NA,NA,NA,NA,NA,NA,NA,7915
南宁井冈山,NA,NA,NA,NA,NA,NA,NA,NA,NA,7925
井冈山南宁,NA,NA,NA,NA,NA,NA,NA,NA,NA,7925
宜昌济南,NA,NA,NA,NA,NA,NA,NA,NA,NA,7945
济南南京,NA,NA,NA,NA,NA,NA,NA,NA,NA,1699
南京济南,NA,NA,NA,NA,NA,NA,NA,NA,NA,1699
晋江南昌,NA,NA,NA,NA,NA,NA,NA,NA,NA,1701
南昌晋江,NA,NA,NA,NA,NA,NA,NA,NA,NA,1701
拉萨太原,NA,NA,NA,NA,NA,NA,NA,NA,NA,20789
万州昆明,NA,NA,NA,NA,NA,NA,NA,NA,NA,17962
北京南苑襄樊,NA,NA,NA,NA,NA,NA,NA,NA,NA,1716
襄樊北京南苑,NA,NA,NA,NA,NA,NA,NA,NA,NA,1716
晋江南京,NA,NA,NA,NA,NA,NA,NA,NA,NA,1732
南京晋江,NA,NA,NA,NA,NA,NA,NA,NA,NA,1732
福州常州,NA,NA,NA,NA,NA,NA,NA,NA,NA,18021
天津绵阳,NA,NA,NA,NA,NA,NA,NA,NA,NA,7982
绵阳天津,NA,NA,NA,NA,NA,NA,NA,NA,NA,7982
牡丹江无锡,NA,NA,NA,NA,NA,NA,NA,NA,NA,20853
绵阳济南,NA,NA,NA,NA,NA,NA,NA,NA,NA,20864
上海浦东呼伦贝尔,NA,NA,NA,NA,NA,NA,NA,NA,NA,10831
绵阳温州,NA,NA,NA,NA,NA,NA,NA,NA,NA,20868
绵阳宜昌,NA,NA,NA,NA,NA,NA,NA,NA,NA,20872
荔波西安,NA,NA,NA,NA,NA,NA,NA,NA,NA,23063
淮安长沙,NA,NA,NA,NA,NA,NA,NA,NA,NA,8033
长沙淮安,NA,NA,NA,NA,NA,NA,NA,NA,NA,8033
南昌杭州,NA,NA,NA,NA,NA,NA,NA,NA,NA,3635
郑州井冈山,NA,NA,NA,NA,NA,NA,NA,NA,NA,18074
潍坊重庆,NA,NA,NA,NA,NA,NA,NA,NA,NA,8045
福州温州,NA,NA,NA,NA,NA,NA,NA,NA,NA,1788
温州福州,NA,NA,NA,NA,NA,NA,NA,NA,NA,1788
沈阳黑河,NA,NA,NA,NA,NA,NA,NA,NA,NA,20186
揭阳潮汕杭州,NA,NA,NA,NA,NA,NA,NA,NA,NA,76
南通太原,NA,NA,NA,NA,NA,NA,NA,NA,NA,20978
满洲里西安,NA,NA,NA,NA,NA,NA,NA,NA,NA,20986
满洲里三亚,NA,NA,NA,NA,NA,NA,NA,NA,NA,20987
满洲里深圳,NA,NA,NA,NA,NA,NA,NA,NA,NA,20988
宁波连云港,NA,NA,NA,NA,NA,NA,NA,NA,NA,18134
漠河北京南苑,NA,NA,NA,NA,NA,NA,NA,NA,NA,20991
黄山上海浦东,NA,NA,NA,NA,NA,NA,NA,NA,NA,1822
上海浦东黄山,NA,NA,NA,NA,NA,NA,NA,NA,NA,1822
吉林上海浦东,NA,NA,NA,NA,NA,NA,NA,NA,NA,1856
上海浦东吉林,NA,NA,NA,NA,NA,NA,NA,NA,NA,1856
哈尔滨沈阳,NA,NA,NA,NA,NA,NA,NA,NA,NA,1862
沈阳哈尔滨,NA,NA,NA,NA,NA,NA,NA,NA,NA,1862
北京南苑湛江,NA,NA,NA,NA,NA,NA,NA,NA,NA,1875
湛江北京南苑,NA,NA,NA,NA,NA,NA,NA,NA,NA,1875
黄山揭阳潮汕,NA,NA,NA,NA,NA,NA,NA,NA,NA,1881
揭阳潮汕黄山,NA,NA,NA,NA,NA,NA,NA,NA,NA,1881
北京南苑无锡,NA,NA,NA,NA,NA,NA,NA,NA,NA,8106
井冈山上海浦东,NA,NA,NA,NA,NA,NA,NA,NA,NA,13592
秦皇岛西安,NA,NA,NA,NA,NA,NA,NA,NA,NA,21105
秦皇岛深圳,NA,NA,NA,NA,NA,NA,NA,NA,NA,21106
榆林三亚,NA,NA,NA,NA,NA,NA,NA,NA,NA,13650
三亚榆林,NA,NA,NA,NA,NA,NA,NA,NA,NA,13650
西安威海,NA,NA,NA,NA,NA,NA,NA,NA,NA,21120
武汉济宁,NA,NA,NA,NA,NA,NA,NA,NA,NA,8131
济宁武汉,NA,NA,NA,NA,NA,NA,NA,NA,NA,8131
呼伦贝尔郑州,NA,NA,NA,NA,NA,NA,NA,NA,NA,24471
潍坊泉州,NA,NA,NA,NA,NA,NA,NA,NA,NA,18328
无锡泉州,NA,NA,NA,NA,NA,NA,NA,NA,NA,18329
武夷山泉州,NA,NA,NA,NA,NA,NA,NA,NA,NA,18330
泉州常州,NA,NA,NA,NA,NA,NA,NA,NA,NA,8167
连云港秦皇岛,NA,NA,NA,NA,NA,NA,NA,NA,NA,1958
秦皇岛连云港,NA,NA,NA,NA,NA,NA,NA,NA,NA,1958
沈阳呼伦贝尔,NA,NA,NA,NA,NA,NA,NA,NA,NA,13964
呼伦贝尔沈阳,NA,NA,NA,NA,NA,NA,NA,NA,NA,13964
成都秦皇岛,NA,NA,NA,NA,NA,NA,NA,NA,NA,14132
秦皇岛成都,NA,NA,NA,NA,NA,NA,NA,NA,NA,14132
盐城北京南苑,NA,NA,NA,NA,NA,NA,NA,NA,NA,14144
北京南苑牡丹江,NA,NA,NA,NA,NA,NA,NA,NA,NA,8194
牡丹江北京南苑,NA,NA,NA,NA,NA,NA,NA,NA,NA,8194
北京南苑义乌,NA,NA,NA,NA,NA,NA,NA,NA,NA,14171
青岛义乌,NA,NA,NA,NA,NA,NA,NA,NA,NA,21226
通辽济南,NA,NA,NA,NA,NA,NA,NA,NA,NA,21229
吉林深圳,NA,NA,NA,NA,NA,NA,NA,NA,NA,1996
深圳吉林,NA,NA,NA,NA,NA,NA,NA,NA,NA,1996
天津黄山,NA,NA,NA,NA,NA,NA,NA,NA,NA,21241
通辽沈阳,NA,NA,NA,NA,NA,NA,NA,NA,NA,8216
沈阳通辽,NA,NA,NA,NA,NA,NA,NA,NA,NA,8216
徐州温州,NA,NA,NA,NA,NA,NA,NA,NA,NA,18452
哈尔滨秦皇岛,NA,NA,NA,NA,NA,NA,NA,NA,NA,14255
秦皇岛哈尔滨,NA,NA,NA,NA,NA,NA,NA,NA,NA,14255
太原烟台,NA,NA,NA,NA,NA,NA,NA,NA,NA,21274
乌鲁木齐无锡,NA,NA,NA,NA,NA,NA,NA,NA,NA,21278
乌鲁木齐烟台,NA,NA,NA,NA,NA,NA,NA,NA,NA,21284
三亚烟台,NA,NA,NA,NA,NA,NA,NA,NA,NA,18495
济南义乌,NA,NA,NA,NA,NA,NA,NA,NA,NA,18509
温州襄阳,NA,NA,NA,NA,NA,NA,NA,NA,NA,21291
晋江深圳,NA,NA,NA,NA,NA,NA,NA,NA,NA,2053
深圳晋江,NA,NA,NA,NA,NA,NA,NA,NA,NA,2053
成都中甸,NA,NA,NA,NA,NA,NA,NA,NA,NA,2057
中甸成都,NA,NA,NA,NA,NA,NA,NA,NA,NA,2057
长沙揭阳潮汕,NA,NA,NA,NA,NA,NA,NA,NA,NA,8267
连云港海口,NA,NA,NA,NA,NA,NA,NA,NA,NA,8269
敦煌银川,NA,NA,NA,NA,NA,NA,NA,NA,NA,2070
银川敦煌,NA,NA,NA,NA,NA,NA,NA,NA,NA,2070
广州襄樊,NA,NA,NA,NA,NA,NA,NA,NA,NA,2080
襄樊广州,NA,NA,NA,NA,NA,NA,NA,NA,NA,2080
武汉徐州,NA,NA,NA,NA,NA,NA,NA,NA,NA,9766
九寨沟昆明,NA,NA,NA,NA,NA,NA,NA,NA,NA,1593
昆明九寨沟,NA,NA,NA,NA,NA,NA,NA,NA,NA,1593
重庆黎平,NA,NA,NA,NA,NA,NA,NA,NA,NA,21389
重庆九寨沟,NA,NA,NA,NA,NA,NA,NA,NA,NA,21391
晋江上海浦东,NA,NA,NA,NA,NA,NA,NA,NA,NA,1914
大连黄山,NA,NA,NA,NA,NA,NA,NA,NA,NA,8306
西安济宁,NA,NA,NA,NA,NA,NA,NA,NA,NA,8323
济宁西安,NA,NA,NA,NA,NA,NA,NA,NA,NA,8323
吉林沈阳,NA,NA,NA,NA,NA,NA,NA,NA,NA,1946
晋江温州,NA,NA,NA,NA,NA,NA,NA,NA,NA,2193
温州晋江,NA,NA,NA,NA,NA,NA,NA,NA,NA,2193
海口襄樊,NA,NA,NA,NA,NA,NA,NA,NA,NA,2198
襄樊海口,NA,NA,NA,NA,NA,NA,NA,NA,NA,2198
揭阳潮汕南昌,NA,NA,NA,NA,NA,NA,NA,NA,NA,2131
武汉合肥,NA,NA,NA,NA,NA,NA,NA,NA,NA,5
张家界海口,NA,NA,NA,NA,NA,NA,NA,NA,NA,17261
张家界宁波,NA,NA,NA,NA,NA,NA,NA,NA,NA,17268
呼伦贝尔长春,NA,NA,NA,NA,NA,NA,NA,NA,NA,18667
银川巴彦淖尔,NA,NA,NA,NA,NA,NA,NA,NA,NA,21507
鄂尔多斯大连,NA,NA,NA,NA,NA,NA,NA,NA,NA,24787
阜阳长春,NA,NA,NA,NA,NA,NA,NA,NA,NA,18682
佛山温州,NA,NA,NA,NA,NA,NA,NA,NA,NA,17286
淮安福州,NA,NA,NA,NA,NA,NA,NA,NA,NA,8395
广州中甸,NA,NA,NA,NA,NA,NA,NA,NA,NA,2282
中甸广州,NA,NA,NA,NA,NA,NA,NA,NA,NA,2282
南昌武汉,NA,NA,NA,NA,NA,NA,NA,NA,NA,21535
武汉连云港,NA,NA,NA,NA,NA,NA,NA,NA,NA,8419
连云港武汉,NA,NA,NA,NA,NA,NA,NA,NA,NA,8419
伊春大庆,NA,NA,NA,NA,NA,NA,NA,NA,NA,18719
上海浦东盐城,NA,NA,NA,NA,NA,NA,NA,NA,NA,21599
秦皇岛石家庄,NA,NA,NA,NA,NA,NA,NA,NA,NA,21602
三亚青岛,NA,NA,NA,NA,NA,NA,NA,NA,NA,4387
运城武汉,NA,NA,NA,NA,NA,NA,NA,NA,NA,8457
武汉运城,NA,NA,NA,NA,NA,NA,NA,NA,NA,8457
义乌哈尔滨,NA,NA,NA,NA,NA,NA,NA,NA,NA,18765
阿克苏郑州,NA,NA,NA,NA,NA,NA,NA,NA,NA,21640
上海浦东兴义,NA,NA,NA,NA,NA,NA,NA,NA,NA,9889
桂林珠海,NA,NA,NA,NA,NA,NA,NA,NA,NA,2332
珠海桂林,NA,NA,NA,NA,NA,NA,NA,NA,NA,2332
威海牡丹江,NA,NA,NA,NA,NA,NA,NA,NA,NA,18803
淮安张家界,NA,NA,NA,NA,NA,NA,NA,NA,NA,24860
贵阳中甸,NA,NA,NA,NA,NA,NA,NA,NA,NA,2349
中甸贵阳,NA,NA,NA,NA,NA,NA,NA,NA,NA,2349
邯郸大连,NA,NA,NA,NA,NA,NA,NA,NA,NA,18813
宜昌大连,NA,NA,NA,NA,NA,NA,NA,NA,NA,18826
南昌温州,NA,NA,NA,NA,NA,NA,NA,NA,NA,2360
温州南昌,NA,NA,NA,NA,NA,NA,NA,NA,NA,2360
晋江西安,NA,NA,NA,NA,NA,NA,NA,NA,NA,2372
西安晋江,NA,NA,NA,NA,NA,NA,NA,NA,NA,2372
北京南苑长沙,NA,NA,NA,NA,NA,NA,NA,NA,NA,2393
长沙北京南苑,NA,NA,NA,NA,NA,NA,NA,NA,NA,2393
义乌大连,NA,NA,NA,NA,NA,NA,NA,NA,NA,18847
厦门济宁,NA,NA,NA,NA,NA,NA,NA,NA,NA,8517
济宁厦门,NA,NA,NA,NA,NA,NA,NA,NA,NA,8517
安顺沈阳,NA,NA,NA,NA,NA,NA,NA,NA,NA,18888
汉中海口,NA,NA,NA,NA,NA,NA,NA,NA,NA,24961
景德镇上海浦东,NA,NA,NA,NA,NA,NA,NA,NA,NA,4113
上海浦东景德镇,NA,NA,NA,NA,NA,NA,NA,NA,NA,4113
黄山安庆,NA,NA,NA,NA,NA,NA,NA,NA,NA,18906
北京南苑合肥,NA,NA,NA,NA,NA,NA,NA,NA,NA,17
襄阳南京,NA,NA,NA,NA,NA,NA,NA,NA,NA,8557
南京襄阳,NA,NA,NA,NA,NA,NA,NA,NA,NA,8557
合肥北京南苑,NA,NA,NA,NA,NA,NA,NA,NA,NA,17
恩施宜昌,NA,NA,NA,NA,NA,NA,NA,NA,NA,17595
保山北京南苑,NA,NA,NA,NA,NA,NA,NA,NA,NA,21731
重庆常德,NA,NA,NA,NA,NA,NA,NA,NA,NA,18937
无锡呼和浩特,NA,NA,NA,NA,NA,NA,NA,NA,NA,25015
通辽长春,NA,NA,NA,NA,NA,NA,NA,NA,NA,18948
沈阳朝阳,NA,NA,NA,NA,NA,NA,NA,NA,NA,18951
南京武夷山,NA,NA,NA,NA,NA,NA,NA,NA,NA,2494
武夷山南京,NA,NA,NA,NA,NA,NA,NA,NA,NA,2494
赣州天津,NA,NA,NA,NA,NA,NA,NA,NA,NA,10033
揭阳潮汕温州,NA,NA,NA,NA,NA,NA,NA,NA,NA,4634
温州揭阳潮汕,NA,NA,NA,NA,NA,NA,NA,NA,NA,4634
九寨沟杭州,NA,NA,NA,NA,NA,NA,NA,NA,NA,25075
北京南苑南宁,NA,NA,NA,NA,NA,NA,NA,NA,NA,2515
南京牡丹江,NA,NA,NA,NA,NA,NA,NA,NA,NA,20844
广州腾冲,NA,NA,NA,NA,NA,NA,NA,NA,NA,21810
沈阳大连,NA,NA,NA,NA,NA,NA,NA,NA,NA,19009
北京南苑揭阳潮汕,NA,NA,NA,NA,NA,NA,NA,NA,NA,2550
揭阳潮汕北京南苑,NA,NA,NA,NA,NA,NA,NA,NA,NA,2550
常德上海浦东,NA,NA,NA,NA,NA,NA,NA,NA,NA,5595
锡林浩特鄂尔多斯,NA,NA,NA,NA,NA,NA,NA,NA,NA,19034
揭阳潮汕佛山,NA,NA,NA,NA,NA,NA,NA,NA,NA,19048
常德福州,NA,NA,NA,NA,NA,NA,NA,NA,NA,21841
晋江郑州,NA,NA,NA,NA,NA,NA,NA,NA,NA,2570
郑州晋江,NA,NA,NA,NA,NA,NA,NA,NA,NA,2570
郑州大理,NA,NA,NA,NA,NA,NA,NA,NA,NA,21853
鸡西大连,NA,NA,NA,NA,NA,NA,NA,NA,NA,8700
大连鸡西,NA,NA,NA,NA,NA,NA,NA,NA,NA,8700
厦门义乌,NA,NA,NA,NA,NA,NA,NA,NA,NA,4742
晋江舟山,NA,NA,NA,NA,NA,NA,NA,NA,NA,2600
舟山晋江,NA,NA,NA,NA,NA,NA,NA,NA,NA,2600
北京南苑珠海,NA,NA,NA,NA,NA,NA,NA,NA,NA,2602
珠海北京南苑,NA,NA,NA,NA,NA,NA,NA,NA,NA,2602
九江上海浦东,NA,NA,NA,NA,NA,NA,NA,NA,NA,8708
揭阳潮汕张家界,NA,NA,NA,NA,NA,NA,NA,NA,NA,6231
大连张家界,NA,NA,NA,NA,NA,NA,NA,NA,NA,2616
张家界大连,NA,NA,NA,NA,NA,NA,NA,NA,NA,2616
西双版纳德宏,NA,NA,NA,NA,NA,NA,NA,NA,NA,17866
鸡西佳木斯,NA,NA,NA,NA,NA,NA,NA,NA,NA,19137
朝阳北京南苑,NA,NA,NA,NA,NA,NA,NA,NA,NA,21944
厦门福州,NA,NA,NA,NA,NA,NA,NA,NA,NA,4871
呼伦贝尔天津,NA,NA,NA,NA,NA,NA,NA,NA,NA,2647
天津呼伦贝尔,NA,NA,NA,NA,NA,NA,NA,NA,NA,2647
福州张家界,NA,NA,NA,NA,NA,NA,NA,NA,NA,2651
张家界福州,NA,NA,NA,NA,NA,NA,NA,NA,NA,2651
台州北京南苑,NA,NA,NA,NA,NA,NA,NA,NA,NA,2667
北京南苑台州,NA,NA,NA,NA,NA,NA,NA,NA,NA,2667
南宁台州,NA,NA,NA,NA,NA,NA,NA,NA,NA,25196
运城太原,NA,NA,NA,NA,NA,NA,NA,NA,NA,8771
太原运城,NA,NA,NA,NA,NA,NA,NA,NA,NA,8771
厦门洛阳,NA,NA,NA,NA,NA,NA,NA,NA,NA,8778
揭阳潮汕武汉,NA,NA,NA,NA,NA,NA,NA,NA,NA,2673
武汉揭阳潮汕,NA,NA,NA,NA,NA,NA,NA,NA,NA,2673
北京南苑郑州,NA,NA,NA,NA,NA,NA,NA,NA,NA,2682
郑州北京南苑,NA,NA,NA,NA,NA,NA,NA,NA,NA,2682
拉萨中甸,NA,NA,NA,NA,NA,NA,NA,NA,NA,2689
中甸拉萨,NA,NA,NA,NA,NA,NA,NA,NA,NA,2689
温州西双版纳,NA,NA,NA,NA,NA,NA,NA,NA,NA,25251
北京南苑泸州,NA,NA,NA,NA,NA,NA,NA,NA,NA,7817
南昌张家界,NA,NA,NA,NA,NA,NA,NA,NA,NA,2694
张家界南昌,NA,NA,NA,NA,NA,NA,NA,NA,NA,2694
昆明百色,NA,NA,NA,NA,NA,NA,NA,NA,NA,19270
乌鲁木齐揭阳潮汕,NA,NA,NA,NA,NA,NA,NA,NA,NA,21159
北京南苑泉州,NA,NA,NA,NA,NA,NA,NA,NA,NA,25272
福州柳州,NA,NA,NA,NA,NA,NA,NA,NA,NA,18056
兰州阿拉善左旗,NA,NA,NA,NA,NA,NA,NA,NA,NA,19290
天津伊春,NA,NA,NA,NA,NA,NA,NA,NA,NA,7844
伊春天津,NA,NA,NA,NA,NA,NA,NA,NA,NA,7844
南宁包头,NA,NA,NA,NA,NA,NA,NA,NA,NA,19307
三亚鸡西,NA,NA,NA,NA,NA,NA,NA,NA,NA,25292
北京南苑南京,NA,NA,NA,NA,NA,NA,NA,NA,NA,8889
南京北京南苑,NA,NA,NA,NA,NA,NA,NA,NA,NA,8889
兰州喀什,NA,NA,NA,NA,NA,NA,NA,NA,NA,25299
九寨沟北京南苑,NA,NA,NA,NA,NA,NA,NA,NA,NA,2763
北京南苑九寨沟,NA,NA,NA,NA,NA,NA,NA,NA,NA,2763
大连呼伦贝尔,NA,NA,NA,NA,NA,NA,NA,NA,NA,22243
大连舟山,NA,NA,NA,NA,NA,NA,NA,NA,NA,22244
厦门北海,NA,NA,NA,NA,NA,NA,NA,NA,NA,19346
无锡济宁,NA,NA,NA,NA,NA,NA,NA,NA,NA,8929
上海浦东襄樊,NA,NA,NA,NA,NA,NA,NA,NA,NA,2798
襄樊上海浦东,NA,NA,NA,NA,NA,NA,NA,NA,NA,2798
台州南京,NA,NA,NA,NA,NA,NA,NA,NA,NA,18138
西安赣州,NA,NA,NA,NA,NA,NA,NA,NA,NA,8447
南京舟山,NA,NA,NA,NA,NA,NA,NA,NA,NA,2806
舟山南京,NA,NA,NA,NA,NA,NA,NA,NA,NA,2806
上海浦东徐州,NA,NA,NA,NA,NA,NA,NA,NA,NA,2836
徐州上海浦东,NA,NA,NA,NA,NA,NA,NA,NA,NA,2836
桂林长沙,NA,NA,NA,NA,NA,NA,NA,NA,NA,2843
长沙桂林,NA,NA,NA,NA,NA,NA,NA,NA,NA,2843
宜宾宜昌,NA,NA,NA,NA,NA,NA,NA,NA,NA,8964
鄂尔多斯青岛,NA,NA,NA,NA,NA,NA,NA,NA,NA,22333
洛阳北京南苑,NA,NA,NA,NA,NA,NA,NA,NA,NA,2851
北京南苑洛阳,NA,NA,NA,NA,NA,NA,NA,NA,NA,2851
伊春广州,NA,NA,NA,NA,NA,NA,NA,NA,NA,19404
温州邯郸,NA,NA,NA,NA,NA,NA,NA,NA,NA,8609
邯郸温州,NA,NA,NA,NA,NA,NA,NA,NA,NA,8609
恩施天津,NA,NA,NA,NA,NA,NA,NA,NA,NA,22365
太原武夷山,NA,NA,NA,NA,NA,NA,NA,NA,NA,2875
武夷山太原,NA,NA,NA,NA,NA,NA,NA,NA,NA,2875
东营哈尔滨,NA,NA,NA,NA,NA,NA,NA,NA,NA,8716
无锡南昌,NA,NA,NA,NA,NA,NA,NA,NA,NA,8983
南昌无锡,NA,NA,NA,NA,NA,NA,NA,NA,NA,8983
柳州常德,NA,NA,NA,NA,NA,NA,NA,NA,NA,19471
南京常德,NA,NA,NA,NA,NA,NA,NA,NA,NA,19472
大同郑州,NA,NA,NA,NA,NA,NA,NA,NA,NA,19484
海口邯郸,NA,NA,NA,NA,NA,NA,NA,NA,NA,22435
宜昌上海浦东,NA,NA,NA,NA,NA,NA,NA,NA,NA,2888
揭阳潮汕烟台,NA,NA,NA,NA,NA,NA,NA,NA,NA,2892
烟台揭阳潮汕,NA,NA,NA,NA,NA,NA,NA,NA,NA,2892
天津武夷山,NA,NA,NA,NA,NA,NA,NA,NA,NA,2904
武夷山天津,NA,NA,NA,NA,NA,NA,NA,NA,NA,2904
海口南充,NA,NA,NA,NA,NA,NA,NA,NA,NA,22462
海口南通,NA,NA,NA,NA,NA,NA,NA,NA,NA,22466
潍坊烟台,NA,NA,NA,NA,NA,NA,NA,NA,NA,18379
武夷山杭州,NA,NA,NA,NA,NA,NA,NA,NA,NA,12472
海口盐城,NA,NA,NA,NA,NA,NA,NA,NA,NA,22494
佳木斯杭州,NA,NA,NA,NA,NA,NA,NA,NA,NA,9047
深圳襄樊,NA,NA,NA,NA,NA,NA,NA,NA,NA,2931
襄樊深圳,NA,NA,NA,NA,NA,NA,NA,NA,NA,2931
合肥张家界,NA,NA,NA,NA,NA,NA,NA,NA,NA,2950
张家界合肥,NA,NA,NA,NA,NA,NA,NA,NA,NA,2950
潍坊厦门,NA,NA,NA,NA,NA,NA,NA,NA,NA,2958
厦门潍坊,NA,NA,NA,NA,NA,NA,NA,NA,NA,2958
南昌烟台,NA,NA,NA,NA,NA,NA,NA,NA,NA,9079
天津牡丹江,NA,NA,NA,NA,NA,NA,NA,NA,NA,25548
温州武夷山,NA,NA,NA,NA,NA,NA,NA,NA,NA,2960
武夷山温州,NA,NA,NA,NA,NA,NA,NA,NA,NA,2960
杭州满洲里,NA,NA,NA,NA,NA,NA,NA,NA,NA,22595
淮安重庆,NA,NA,NA,NA,NA,NA,NA,NA,NA,19623
太原锡林浩特,NA,NA,NA,NA,NA,NA,NA,NA,NA,2985
锡林浩特太原,NA,NA,NA,NA,NA,NA,NA,NA,NA,2985
万州西安,NA,NA,NA,NA,NA,NA,NA,NA,NA,2999
西安万州,NA,NA,NA,NA,NA,NA,NA,NA,NA,2999
淮安三亚,NA,NA,NA,NA,NA,NA,NA,NA,NA,22631
运城北京南苑,NA,NA,NA,NA,NA,NA,NA,NA,NA,10430
济南张家界,NA,NA,NA,NA,NA,NA,NA,NA,NA,3024
张家界济南,NA,NA,NA,NA,NA,NA,NA,NA,NA,3024
海口揭阳潮汕,NA,NA,NA,NA,NA,NA,NA,NA,NA,3041
揭阳潮汕海口,NA,NA,NA,NA,NA,NA,NA,NA,NA,3041
北京南苑南昌,NA,NA,NA,NA,NA,NA,NA,NA,NA,3090
南昌北京南苑,NA,NA,NA,NA,NA,NA,NA,NA,NA,3090
贵阳揭阳潮汕,NA,NA,NA,NA,NA,NA,NA,NA,NA,9144
呼伦贝尔厦门,NA,NA,NA,NA,NA,NA,NA,NA,NA,22652
呼伦贝尔烟台,NA,NA,NA,NA,NA,NA,NA,NA,NA,22653
乌兰浩特上海浦东,NA,NA,NA,NA,NA,NA,NA,NA,NA,22656
万州宜昌,NA,NA,NA,NA,NA,NA,NA,NA,NA,3102
宜昌万州,NA,NA,NA,NA,NA,NA,NA,NA,NA,3102
玉树北京首都,NA,NA,NA,NA,NA,NA,NA,NA,NA,21033
威海洛阳,NA,NA,NA,NA,NA,NA,NA,NA,NA,9184
洛阳威海,NA,NA,NA,NA,NA,NA,NA,NA,NA,9184
深圳兴义,NA,NA,NA,NA,NA,NA,NA,NA,NA,9188
太原张家界,NA,NA,NA,NA,NA,NA,NA,NA,NA,3118
张家界太原,NA,NA,NA,NA,NA,NA,NA,NA,NA,3118
日喀则北京南苑,NA,NA,NA,NA,NA,NA,NA,NA,NA,25694
宜宾海口,NA,NA,NA,NA,NA,NA,NA,NA,NA,18638
深圳中甸,NA,NA,NA,NA,NA,NA,NA,NA,NA,3130
中甸深圳,NA,NA,NA,NA,NA,NA,NA,NA,NA,3130
贵阳义乌,NA,NA,NA,NA,NA,NA,NA,NA,NA,9203
台州西安,NA,NA,NA,NA,NA,NA,NA,NA,NA,22726
贵阳大同,NA,NA,NA,NA,NA,NA,NA,NA,NA,19864
南通北京南苑,NA,NA,NA,NA,NA,NA,NA,NA,NA,6040
太原郑州,NA,NA,NA,NA,NA,NA,NA,NA,NA,3161
郑州太原,NA,NA,NA,NA,NA,NA,NA,NA,NA,3161
银川揭阳潮汕,NA,NA,NA,NA,NA,NA,NA,NA,NA,22748
北京南苑达州,NA,NA,NA,NA,NA,NA,NA,NA,NA,19875
北京南苑鞍山,NA,NA,NA,NA,NA,NA,NA,NA,NA,59
温州柳州,NA,NA,NA,NA,NA,NA,NA,NA,NA,9266
柳州温州,NA,NA,NA,NA,NA,NA,NA,NA,NA,9266
鞍山北京南苑,NA,NA,NA,NA,NA,NA,NA,NA,NA,59
北京南苑迪庆,NA,NA,NA,NA,NA,NA,NA,NA,NA,19888
西双版纳无锡,NA,NA,NA,NA,NA,NA,NA,NA,NA,22790
深圳迪庆,NA,NA,NA,NA,NA,NA,NA,NA,NA,19890
丽江大连,NA,NA,NA,NA,NA,NA,NA,NA,NA,19913
南昌洛阳,NA,NA,NA,NA,NA,NA,NA,NA,NA,20562
泉州青岛,NA,NA,NA,NA,NA,NA,NA,NA,NA,22811
阿尔山呼伦贝尔,NA,NA,NA,NA,NA,NA,NA,NA,NA,6111
呼伦贝尔阿尔山,NA,NA,NA,NA,NA,NA,NA,NA,NA,6111
北京南苑大理,NA,NA,NA,NA,NA,NA,NA,NA,NA,19954
邯郸天津,NA,NA,NA,NA,NA,NA,NA,NA,NA,6123
阿拉善右旗敦煌,NA,NA,NA,NA,NA,NA,NA,NA,NA,19960
吐鲁番敦煌,NA,NA,NA,NA,NA,NA,NA,NA,NA,19964
喀什上海浦东,NA,NA,NA,NA,NA,NA,NA,NA,NA,22851
北京南苑二连浩特,NA,NA,NA,NA,NA,NA,NA,NA,NA,9313
北京南苑青岛,NA,NA,NA,NA,NA,NA,NA,NA,NA,3339
青岛北京南苑,NA,NA,NA,NA,NA,NA,NA,NA,NA,3339
万州厦门,NA,NA,NA,NA,NA,NA,NA,NA,NA,9326
义乌临沂,NA,NA,NA,NA,NA,NA,NA,NA,NA,9333
武夷山舟山,NA,NA,NA,NA,NA,NA,NA,NA,NA,3350
舟山武夷山,NA,NA,NA,NA,NA,NA,NA,NA,NA,3350
成都延安,NA,NA,NA,NA,NA,NA,NA,NA,NA,17838
福州鄂尔多斯,NA,NA,NA,NA,NA,NA,NA,NA,NA,19985
邯郸鄂尔多斯,NA,NA,NA,NA,NA,NA,NA,NA,NA,19987
合肥鄂尔多斯,NA,NA,NA,NA,NA,NA,NA,NA,NA,19988
乌海海口,NA,NA,NA,NA,NA,NA,NA,NA,NA,66
西安北京南苑,NA,NA,NA,NA,NA,NA,NA,NA,NA,9356
北京南苑西安,NA,NA,NA,NA,NA,NA,NA,NA,NA,9356
海口乌海,NA,NA,NA,NA,NA,NA,NA,NA,NA,66
锡林浩特二连浩特,NA,NA,NA,NA,NA,NA,NA,NA,NA,6184
温州鄂尔多斯,NA,NA,NA,NA,NA,NA,NA,NA,NA,20008
贵阳张家界,NA,NA,NA,NA,NA,NA,NA,NA,NA,20016
揭阳潮汕柳州,NA,NA,NA,NA,NA,NA,NA,NA,NA,24147
宜宾北京南苑,NA,NA,NA,NA,NA,NA,NA,NA,NA,68
鄂尔多斯重庆,NA,NA,NA,NA,NA,NA,NA,NA,NA,21968
宜昌张家界,NA,NA,NA,NA,NA,NA,NA,NA,NA,3479
张家界宜昌,NA,NA,NA,NA,NA,NA,NA,NA,NA,3479
北京南苑恩施,NA,NA,NA,NA,NA,NA,NA,NA,NA,20041
徐州宁波,NA,NA,NA,NA,NA,NA,NA,NA,NA,9378
宁波徐州,NA,NA,NA,NA,NA,NA,NA,NA,NA,9378
连云港福州,NA,NA,NA,NA,NA,NA,NA,NA,NA,20065
呼和浩特无锡,NA,NA,NA,NA,NA,NA,NA,NA,NA,25015
襄阳福州,NA,NA,NA,NA,NA,NA,NA,NA,NA,20087
宁波阜阳,NA,NA,NA,NA,NA,NA,NA,NA,NA,20094
南宁佛山,NA,NA,NA,NA,NA,NA,NA,NA,NA,20102
广州万州,NA,NA,NA,NA,NA,NA,NA,NA,NA,10745
揭阳潮汕南宁,NA,NA,NA,NA,NA,NA,NA,NA,NA,9413
揭阳潮汕桂林,NA,NA,NA,NA,NA,NA,NA,NA,NA,3606
桂林揭阳潮汕,NA,NA,NA,NA,NA,NA,NA,NA,NA,3606
九寨沟西安,NA,NA,NA,NA,NA,NA,NA,NA,NA,3610
西安九寨沟,NA,NA,NA,NA,NA,NA,NA,NA,NA,3610
张家界珠海,NA,NA,NA,NA,NA,NA,NA,NA,NA,3612
珠海张家界,NA,NA,NA,NA,NA,NA,NA,NA,NA,3612
吉林北京首都,NA,NA,NA,NA,NA,NA,NA,NA,NA,766
淮安北京南苑,NA,NA,NA,NA,NA,NA,NA,NA,NA,25095
北京南苑贵阳,NA,NA,NA,NA,NA,NA,NA,NA,NA,3623
贵阳北京南苑,NA,NA,NA,NA,NA,NA,NA,NA,NA,3623
桂林丽江,NA,NA,NA,NA,NA,NA,NA,NA,NA,10857
六盘水北京南苑,NA,NA,NA,NA,NA,NA,NA,NA,NA,23069
杭州南昌,NA,NA,NA,NA,NA,NA,NA,NA,NA,3635
兴义南宁,NA,NA,NA,NA,NA,NA,NA,NA,NA,6373
常州张家界,NA,NA,NA,NA,NA,NA,NA,NA,NA,9457
拉萨天津,NA,NA,NA,NA,NA,NA,NA,NA,NA,23082
宜昌北京南苑,NA,NA,NA,NA,NA,NA,NA,NA,NA,3661
北京南苑宜昌,NA,NA,NA,NA,NA,NA,NA,NA,NA,3661
长沙怀化,NA,NA,NA,NA,NA,NA,NA,NA,NA,10885
哈密克拉玛依,NA,NA,NA,NA,NA,NA,NA,NA,NA,19092
柳州南京,NA,NA,NA,NA,NA,NA,NA,NA,NA,23111
徐州北京南苑,NA,NA,NA,NA,NA,NA,NA,NA,NA,9481
北京南苑徐州,NA,NA,NA,NA,NA,NA,NA,NA,NA,9481
成都九江,NA,NA,NA,NA,NA,NA,NA,NA,NA,7894
洛阳呼和浩特,NA,NA,NA,NA,NA,NA,NA,NA,NA,20201
义乌南通,NA,NA,NA,NA,NA,NA,NA,NA,NA,9494
南通义乌,NA,NA,NA,NA,NA,NA,NA,NA,NA,9494
宜春北京南苑,NA,NA,NA,NA,NA,NA,NA,NA,NA,9505
北京南苑宜春,NA,NA,NA,NA,NA,NA,NA,NA,NA,9505
扬州北京南苑,NA,NA,NA,NA,NA,NA,NA,NA,NA,9507
北京南苑扬州,NA,NA,NA,NA,NA,NA,NA,NA,NA,9507
和田合肥,NA,NA,NA,NA,NA,NA,NA,NA,NA,20224
阿克苏库车,NA,NA,NA,NA,NA,NA,NA,NA,NA,16849
无锡石家庄,NA,NA,NA,NA,NA,NA,NA,NA,NA,9544
石家庄无锡,NA,NA,NA,NA,NA,NA,NA,NA,NA,9544
无锡揭阳潮汕,NA,NA,NA,NA,NA,NA,NA,NA,NA,9559
揭阳潮汕无锡,NA,NA,NA,NA,NA,NA,NA,NA,NA,9559
万州南京,NA,NA,NA,NA,NA,NA,NA,NA,NA,9566
南京万州,NA,NA,NA,NA,NA,NA,NA,NA,NA,9566
重庆广元,NA,NA,NA,NA,NA,NA,NA,NA,NA,16863
厦门张家界,NA,NA,NA,NA,NA,NA,NA,NA,NA,3833
张家界厦门,NA,NA,NA,NA,NA,NA,NA,NA,NA,3833
北京南苑通化,NA,NA,NA,NA,NA,NA,NA,NA,NA,23267
丹东沈阳,NA,NA,NA,NA,NA,NA,NA,NA,NA,16874
徐州太原,NA,NA,NA,NA,NA,NA,NA,NA,NA,3861
太原徐州,NA,NA,NA,NA,NA,NA,NA,NA,NA,3861
呼和浩特呼伦贝尔,NA,NA,NA,NA,NA,NA,NA,NA,NA,16887
杭州上海浦东,NA,NA,NA,NA,NA,NA,NA,NA,NA,16892
上海浦东铜仁,NA,NA,NA,NA,NA,NA,NA,NA,NA,23311
哈尔滨牡丹江,NA,NA,NA,NA,NA,NA,NA,NA,NA,16895
上海浦东宜春,NA,NA,NA,NA,NA,NA,NA,NA,NA,23330
上海浦东伊宁,NA,NA,NA,NA,NA,NA,NA,NA,NA,23332
湛江淮安,NA,NA,NA,NA,NA,NA,NA,NA,NA,20324
揭阳潮汕成都,NA,NA,NA,NA,NA,NA,NA,NA,NA,9652
成都揭阳潮汕,NA,NA,NA,NA,NA,NA,NA,NA,NA,9652
万州北京南苑,NA,NA,NA,NA,NA,NA,NA,NA,NA,9664
北京南苑万州,NA,NA,NA,NA,NA,NA,NA,NA,NA,9664
石家庄呼伦贝尔,NA,NA,NA,NA,NA,NA,NA,NA,NA,20336
洛阳南阳,NA,NA,NA,NA,NA,NA,NA,NA,NA,16919
威海北京南苑,NA,NA,NA,NA,NA,NA,NA,NA,NA,9668
北京南苑威海,NA,NA,NA,NA,NA,NA,NA,NA,NA,9668
北京南苑秦皇岛,NA,NA,NA,NA,NA,NA,NA,NA,NA,16927
上海浦东义乌,NA,NA,NA,NA,NA,NA,NA,NA,NA,16929
北京南苑邯郸,NA,NA,NA,NA,NA,NA,NA,NA,NA,16947
北京南苑遵义,NA,NA,NA,NA,NA,NA,NA,NA,NA,16988
赤峰鄂尔多斯,NA,NA,NA,NA,NA,NA,NA,NA,NA,16994
赤峰南京,NA,NA,NA,NA,NA,NA,NA,NA,NA,16999
无锡温州,NA,NA,NA,NA,NA,NA,NA,NA,NA,9695
温州无锡,NA,NA,NA,NA,NA,NA,NA,NA,NA,9695
济南延吉,NA,NA,NA,NA,NA,NA,NA,NA,NA,23488
长治三亚,NA,NA,NA,NA,NA,NA,NA,NA,NA,17004
西安和田,NA,NA,NA,NA,NA,NA,NA,NA,NA,20401
武汉郑州,NA,NA,NA,NA,NA,NA,NA,NA,NA,4060
郑州武汉,NA,NA,NA,NA,NA,NA,NA,NA,NA,4060
大同海口,NA,NA,NA,NA,NA,NA,NA,NA,NA,17018
嘉峪关银川,NA,NA,NA,NA,NA,NA,NA,NA,NA,20416
邯郸呼和浩特,NA,NA,NA,NA,NA,NA,NA,NA,NA,17022
北京南苑井冈山,NA,NA,NA,NA,NA,NA,NA,NA,NA,9740
井冈山北京南苑,NA,NA,NA,NA,NA,NA,NA,NA,NA,9740
广州青阳,NA,NA,NA,NA,NA,NA,NA,NA,NA,19396
南京宁波,NA,NA,NA,NA,NA,NA,NA,NA,NA,4108
宁波南京,NA,NA,NA,NA,NA,NA,NA,NA,NA,4108
北京南苑杭州,NA,NA,NA,NA,NA,NA,NA,NA,NA,4126
杭州北京南苑,NA,NA,NA,NA,NA,NA,NA,NA,NA,4126
唐山宜昌,NA,NA,NA,NA,NA,NA,NA,NA,NA,17056
徐州武汉,NA,NA,NA,NA,NA,NA,NA,NA,NA,9766
广州通辽,NA,NA,NA,NA,NA,NA,NA,NA,NA,19438
天津潍坊,NA,NA,NA,NA,NA,NA,NA,NA,NA,17109
宁波济南,NA,NA,NA,NA,NA,NA,NA,NA,NA,4155
济南宁波,NA,NA,NA,NA,NA,NA,NA,NA,NA,4155
郑州长沙,NA,NA,NA,NA,NA,NA,NA,NA,NA,4158
长沙郑州,NA,NA,NA,NA,NA,NA,NA,NA,NA,4158
济宁北京南苑,NA,NA,NA,NA,NA,NA,NA,NA,NA,9795
西安九江,NA,NA,NA,NA,NA,NA,NA,NA,NA,20485
百色长沙,NA,NA,NA,NA,NA,NA,NA,NA,NA,17233
稻城康定,NA,NA,NA,NA,NA,NA,NA,NA,NA,23654
常德武汉,NA,NA,NA,NA,NA,NA,NA,NA,NA,17240
常德三亚,NA,NA,NA,NA,NA,NA,NA,NA,NA,17242
兰州揭阳潮汕,NA,NA,NA,NA,NA,NA,NA,NA,NA,25469
常德杭州,NA,NA,NA,NA,NA,NA,NA,NA,NA,17244
怀化上海浦东,NA,NA,NA,NA,NA,NA,NA,NA,NA,17250
张家界石家庄,NA,NA,NA,NA,NA,NA,NA,NA,NA,17252
呼伦贝尔上海虹桥,NA,NA,NA,NA,NA,NA,NA,NA,NA,10831
西安台州,NA,NA,NA,NA,NA,NA,NA,NA,NA,22726
张家界威海,NA,NA,NA,NA,NA,NA,NA,NA,NA,17272
张家界徐州,NA,NA,NA,NA,NA,NA,NA,NA,NA,17274
北京南苑安庆,NA,NA,NA,NA,NA,NA,NA,NA,NA,4303
安庆北京南苑,NA,NA,NA,NA,NA,NA,NA,NA,NA,4303
揭阳潮汕银川,NA,NA,NA,NA,NA,NA,NA,NA,NA,22748
广州梧州,NA,NA,NA,NA,NA,NA,NA,NA,NA,17300
连云港温州,NA,NA,NA,NA,NA,NA,NA,NA,NA,4326
温州连云港,NA,NA,NA,NA,NA,NA,NA,NA,NA,4326
武汉九寨沟,NA,NA,NA,NA,NA,NA,NA,NA,NA,20547
宁波库车,NA,NA,NA,NA,NA,NA,NA,NA,NA,20548
昆明康定,NA,NA,NA,NA,NA,NA,NA,NA,NA,20549
天津喀什,NA,NA,NA,NA,NA,NA,NA,NA,NA,20556
北京南苑北海,NA,NA,NA,NA,NA,NA,NA,NA,NA,4359
北海北京南苑,NA,NA,NA,NA,NA,NA,NA,NA,NA,4359
重庆淮安,NA,NA,NA,NA,NA,NA,NA,NA,NA,19623
青岛三亚,NA,NA,NA,NA,NA,NA,NA,NA,NA,4387
南京温州,NA,NA,NA,NA,NA,NA,NA,NA,NA,4423
温州南京,NA,NA,NA,NA,NA,NA,NA,NA,NA,4423
长沙井冈山,NA,NA,NA,NA,NA,NA,NA,NA,NA,17388
济南揭阳潮汕,NA,NA,NA,NA,NA,NA,NA,NA,NA,11536
兴义上海浦东,NA,NA,NA,NA,NA,NA,NA,NA,NA,9889
长沙义乌,NA,NA,NA,NA,NA,NA,NA,NA,NA,17404
唐山昆明,NA,NA,NA,NA,NA,NA,NA,NA,NA,20619
长沙宜宾,NA,NA,NA,NA,NA,NA,NA,NA,NA,17410
宁波武夷山,NA,NA,NA,NA,NA,NA,NA,NA,NA,4460
武夷山宁波,NA,NA,NA,NA,NA,NA,NA,NA,NA,4460
桂林南阳,NA,NA,NA,NA,NA,NA,NA,NA,NA,17424
桂林宜昌,NA,NA,NA,NA,NA,NA,NA,NA,NA,17425
桂林盐城,NA,NA,NA,NA,NA,NA,NA,NA,NA,17440
桂林铜仁,NA,NA,NA,NA,NA,NA,NA,NA,NA,17443
湛江珠海,NA,NA,NA,NA,NA,NA,NA,NA,NA,23865
揭阳潮汕珠海,NA,NA,NA,NA,NA,NA,NA,NA,NA,17474
揭阳潮汕深圳,NA,NA,NA,NA,NA,NA,NA,NA,NA,17475
揭阳潮汕湛江,NA,NA,NA,NA,NA,NA,NA,NA,NA,17476
揭阳潮汕三亚,NA,NA,NA,NA,NA,NA,NA,NA,NA,17480
揭阳潮汕福州,NA,NA,NA,NA,NA,NA,NA,NA,NA,17482
珠海南通,NA,NA,NA,NA,NA,NA,NA,NA,NA,17505
深圳梧州,NA,NA,NA,NA,NA,NA,NA,NA,NA,17514
临沂丽江,NA,NA,NA,NA,NA,NA,NA,NA,NA,20750
秦皇岛徐州,NA,NA,NA,NA,NA,NA,NA,NA,NA,23890
深圳铜仁,NA,NA,NA,NA,NA,NA,NA,NA,NA,17550
梧州南京,NA,NA,NA,NA,NA,NA,NA,NA,NA,17556
长春唐山,NA,NA,NA,NA,NA,NA,NA,NA,NA,23923
郑州秦皇岛,NA,NA,NA,NA,NA,NA,NA,NA,NA,17576
郑州宜昌,NA,NA,NA,NA,NA,NA,NA,NA,NA,17580
北京南苑吕梁,NA,NA,NA,NA,NA,NA,NA,NA,NA,20774
北京首都九江,NA,NA,NA,NA,NA,NA,NA,NA,NA,9764
东营重庆,NA,NA,NA,NA,NA,NA,NA,NA,NA,10014
重庆东营,NA,NA,NA,NA,NA,NA,NA,NA,NA,10014
武汉南阳,NA,NA,NA,NA,NA,NA,NA,NA,NA,17603
郑州西安,NA,NA,NA,NA,NA,NA,NA,NA,NA,4589
西安郑州,NA,NA,NA,NA,NA,NA,NA,NA,NA,4589
沈阳黄山,NA,NA,NA,NA,NA,NA,NA,NA,NA,4597
黄山沈阳,NA,NA,NA,NA,NA,NA,NA,NA,NA,4597
秦皇岛上海浦东,NA,NA,NA,NA,NA,NA,NA,NA,NA,7123
三亚连云港,NA,NA,NA,NA,NA,NA,NA,NA,NA,20805
敦煌郑州,NA,NA,NA,NA,NA,NA,NA,NA,NA,7127
上海浦东林芝,NA,NA,NA,NA,NA,NA,NA,NA,NA,20842
衢州北京首都,NA,NA,NA,NA,NA,NA,NA,NA,NA,10362
万州成都,NA,NA,NA,NA,NA,NA,NA,NA,NA,18995
合肥威海,NA,NA,NA,NA,NA,NA,NA,NA,NA,24039
兰州乌海,NA,NA,NA,NA,NA,NA,NA,NA,NA,17705
兰州乌兰浩特,NA,NA,NA,NA,NA,NA,NA,NA,NA,17706
北京南苑拉萨,NA,NA,NA,NA,NA,NA,NA,NA,NA,10056
拉萨北京南苑,NA,NA,NA,NA,NA,NA,NA,NA,NA,10056
庆阳张掖,NA,NA,NA,NA,NA,NA,NA,NA,NA,17742
西安南阳,NA,NA,NA,NA,NA,NA,NA,NA,NA,17782
铜仁厦门,NA,NA,NA,NA,NA,NA,NA,NA,NA,25856
湛江南京,NA,NA,NA,NA,NA,NA,NA,NA,NA,20937
西安衢州,NA,NA,NA,NA,NA,NA,NA,NA,NA,17805
上海浦东揭阳潮汕,NA,NA,NA,NA,NA,NA,NA,NA,NA,11902
西安徐州,NA,NA,NA,NA,NA,NA,NA,NA,NA,17817
义乌厦门,NA,NA,NA,NA,NA,NA,NA,NA,NA,4742
揭阳潮汕青岛,NA,NA,NA,NA,NA,NA,NA,NA,NA,7221
绵阳大连,NA,NA,NA,NA,NA,NA,NA,NA,NA,4758
大连绵阳,NA,NA,NA,NA,NA,NA,NA,NA,NA,4758
榆林乌鲁木齐,NA,NA,NA,NA,NA,NA,NA,NA,NA,17846
大理贵阳,NA,NA,NA,NA,NA,NA,NA,NA,NA,17854
大理腾冲,NA,NA,NA,NA,NA,NA,NA,NA,NA,17855
深圳满洲里,NA,NA,NA,NA,NA,NA,NA,NA,NA,20988
柳州广州,NA,NA,NA,NA,NA,NA,NA,NA,NA,4823
广州柳州,NA,NA,NA,NA,NA,NA,NA,NA,NA,4823
百色上海虹桥,NA,NA,NA,NA,NA,NA,NA,NA,NA,21637
青岛漠河,NA,NA,NA,NA,NA,NA,NA,NA,NA,20993
福州厦门,NA,NA,NA,NA,NA,NA,NA,NA,NA,4871
张家界贵阳,NA,NA,NA,NA,NA,NA,NA,NA,NA,20016
秦皇岛大连,NA,NA,NA,NA,NA,NA,NA,NA,NA,4899
大连秦皇岛,NA,NA,NA,NA,NA,NA,NA,NA,NA,4899
沈阳长春,NA,NA,NA,NA,NA,NA,NA,NA,NA,4914
长春沈阳,NA,NA,NA,NA,NA,NA,NA,NA,NA,4914
南昌福州,NA,NA,NA,NA,NA,NA,NA,NA,NA,4962
福州南昌,NA,NA,NA,NA,NA,NA,NA,NA,NA,4962
杭州柳州,NA,NA,NA,NA,NA,NA,NA,NA,NA,10148
延安武汉,NA,NA,NA,NA,NA,NA,NA,NA,NA,20047
西安秦皇岛,NA,NA,NA,NA,NA,NA,NA,NA,NA,21105
深圳秦皇岛,NA,NA,NA,NA,NA,NA,NA,NA,NA,21106
三明武汉,NA,NA,NA,NA,NA,NA,NA,NA,NA,24207
三明珠海,NA,NA,NA,NA,NA,NA,NA,NA,NA,24208
昆明万州,NA,NA,NA,NA,NA,NA,NA,NA,NA,17962
常州南宁,NA,NA,NA,NA,NA,NA,NA,NA,NA,7309
梧州西安,NA,NA,NA,NA,NA,NA,NA,NA,NA,21125
安庆武汉,NA,NA,NA,NA,NA,NA,NA,NA,NA,18012
安庆景德镇,NA,NA,NA,NA,NA,NA,NA,NA,NA,18014
常州福州,NA,NA,NA,NA,NA,NA,NA,NA,NA,18021
南昌柳州,NA,NA,NA,NA,NA,NA,NA,NA,NA,18028
阜阳海口,NA,NA,NA,NA,NA,NA,NA,NA,NA,18049
阜阳三亚,NA,NA,NA,NA,NA,NA,NA,NA,NA,18050
伊宁上海浦东,NA,NA,NA,NA,NA,NA,NA,NA,NA,23332
锡林浩特三亚,NA,NA,NA,NA,NA,NA,NA,NA,NA,21175
神农架上海虹桥,NA,NA,NA,NA,NA,NA,NA,NA,NA,25133
台州上海浦东,NA,NA,NA,NA,NA,NA,NA,NA,NA,5127
上海浦东台州,NA,NA,NA,NA,NA,NA,NA,NA,NA,5127
安顺上海浦东,NA,NA,NA,NA,NA,NA,NA,NA,NA,24270
福州连城,NA,NA,NA,NA,NA,NA,NA,NA,NA,18067
烟台温州,NA,NA,NA,NA,NA,NA,NA,NA,NA,5144
温州烟台,NA,NA,NA,NA,NA,NA,NA,NA,NA,5144
赣州衢州,NA,NA,NA,NA,NA,NA,NA,NA,NA,18083
赣州贵阳,NA,NA,NA,NA,NA,NA,NA,NA,NA,18085
唐山三亚,NA,NA,NA,NA,NA,NA,NA,NA,NA,23415
黑河沈阳,NA,NA,NA,NA,NA,NA,NA,NA,NA,20186
黄山天津,NA,NA,NA,NA,NA,NA,NA,NA,NA,21241
太原丽江,NA,NA,NA,NA,NA,NA,NA,NA,NA,10237
丽江太原,NA,NA,NA,NA,NA,NA,NA,NA,NA,10237
济宁石家庄,NA,NA,NA,NA,NA,NA,NA,NA,NA,18115
临沂青岛,NA,NA,NA,NA,NA,NA,NA,NA,NA,5214
青岛临沂,NA,NA,NA,NA,NA,NA,NA,NA,NA,5214
青岛济宁,NA,NA,NA,NA,NA,NA,NA,NA,NA,7429
加格达奇呼伦贝尔,NA,NA,NA,NA,NA,NA,NA,NA,NA,10271
呼伦贝尔加格达奇,NA,NA,NA,NA,NA,NA,NA,NA,NA,10271
张家界北京南苑,NA,NA,NA,NA,NA,NA,NA,NA,NA,7454
杭州温州,NA,NA,NA,NA,NA,NA,NA,NA,NA,5338
温州杭州,NA,NA,NA,NA,NA,NA,NA,NA,NA,5338
盐城温州,NA,NA,NA,NA,NA,NA,NA,NA,NA,21296
合肥武夷山,NA,NA,NA,NA,NA,NA,NA,NA,NA,18171
北京南苑呼伦贝尔,NA,NA,NA,NA,NA,NA,NA,NA,NA,5373
呼伦贝尔北京南苑,NA,NA,NA,NA,NA,NA,NA,NA,NA,5373
西宁无锡,NA,NA,NA,NA,NA,NA,NA,NA,NA,21314
上海浦东黔江,NA,NA,NA,NA,NA,NA,NA,NA,NA,18252
青岛阜阳,NA,NA,NA,NA,NA,NA,NA,NA,NA,18287
青岛济南,NA,NA,NA,NA,NA,NA,NA,NA,NA,18291
广州呼伦贝尔,NA,NA,NA,NA,NA,NA,NA,NA,NA,24427
凯里北京首都,NA,NA,NA,NA,NA,NA,NA,NA,NA,22880
青岛徐州,NA,NA,NA,NA,NA,NA,NA,NA,NA,18301
青岛烟台,NA,NA,NA,NA,NA,NA,NA,NA,NA,18302
呼伦贝尔赤峰,NA,NA,NA,NA,NA,NA,NA,NA,NA,21381
黎平重庆,NA,NA,NA,NA,NA,NA,NA,NA,NA,21389
成都九寨沟,NA,NA,NA,NA,NA,NA,NA,NA,NA,5475
九寨沟成都,NA,NA,NA,NA,NA,NA,NA,NA,NA,5475
泉州无锡,NA,NA,NA,NA,NA,NA,NA,NA,NA,18329
榆林海口,NA,NA,NA,NA,NA,NA,NA,NA,NA,10322
太原北京南苑,NA,NA,NA,NA,NA,NA,NA,NA,NA,5542
北京南苑太原,NA,NA,NA,NA,NA,NA,NA,NA,NA,5542
淮安武汉,NA,NA,NA,NA,NA,NA,NA,NA,NA,18341
淮安宁波,NA,NA,NA,NA,NA,NA,NA,NA,NA,18344
上海浦东衢州,NA,NA,NA,NA,NA,NA,NA,NA,NA,18355
南昌鄂尔多斯,NA,NA,NA,NA,NA,NA,NA,NA,NA,10349
太原西安,NA,NA,NA,NA,NA,NA,NA,NA,NA,5582
西安太原,NA,NA,NA,NA,NA,NA,NA,NA,NA,5582
重庆德宏,NA,NA,NA,NA,NA,NA,NA,NA,NA,12455
呼伦贝尔石家庄,NA,NA,NA,NA,NA,NA,NA,NA,NA,20336
威海无锡,NA,NA,NA,NA,NA,NA,NA,NA,NA,18390
深圳济宁,NA,NA,NA,NA,NA,NA,NA,NA,NA,10364
济宁深圳,NA,NA,NA,NA,NA,NA,NA,NA,NA,10364
无锡徐州,NA,NA,NA,NA,NA,NA,NA,NA,NA,18407
武夷山沈阳,NA,NA,NA,NA,NA,NA,NA,NA,NA,18425
义乌泉州,NA,NA,NA,NA,NA,NA,NA,NA,NA,21524
温州宜昌,NA,NA,NA,NA,NA,NA,NA,NA,NA,18438
北京首都日喀则,NA,NA,NA,NA,NA,NA,NA,NA,NA,25694
北京南苑桂林,NA,NA,NA,NA,NA,NA,NA,NA,NA,5739
桂林北京南苑,NA,NA,NA,NA,NA,NA,NA,NA,NA,5739
徐州呼和浩特,NA,NA,NA,NA,NA,NA,NA,NA,NA,18461
徐州南京,NA,NA,NA,NA,NA,NA,NA,NA,NA,18470
徐州烟台,NA,NA,NA,NA,NA,NA,NA,NA,NA,18471
烟台赤峰,NA,NA,NA,NA,NA,NA,NA,NA,NA,18488
烟台三亚,NA,NA,NA,NA,NA,NA,NA,NA,NA,18495
杭州鄂尔多斯,NA,NA,NA,NA,NA,NA,NA,NA,NA,10409
厦门温州,NA,NA,NA,NA,NA,NA,NA,NA,NA,5815
温州厦门,NA,NA,NA,NA,NA,NA,NA,NA,NA,5815
安顺济南,NA,NA,NA,NA,NA,NA,NA,NA,NA,18526
上海虹桥衡阳,NA,NA,NA,NA,NA,NA,NA,NA,NA,25130
北京南苑运城,NA,NA,NA,NA,NA,NA,NA,NA,NA,10430
重庆恩施,NA,NA,NA,NA,NA,NA,NA,NA,NA,18543
重庆连云港,NA,NA,NA,NA,NA,NA,NA,NA,NA,18553
重庆梁平,NA,NA,NA,NA,NA,NA,NA,NA,NA,18564
珠海柳州,NA,NA,NA,NA,NA,NA,NA,NA,NA,23812
达州武汉,NA,NA,NA,NA,NA,NA,NA,NA,NA,18578
广元海口,NA,NA,NA,NA,NA,NA,NA,NA,NA,18581
无锡武汉,NA,NA,NA,NA,NA,NA,NA,NA,NA,12633
海口安顺,NA,NA,NA,NA,NA,NA,NA,NA,NA,21661
贵阳九寨沟,NA,NA,NA,NA,NA,NA,NA,NA,NA,18594
北京南苑绵阳,NA,NA,NA,NA,NA,NA,NA,NA,NA,5921
绵阳北京南苑,NA,NA,NA,NA,NA,NA,NA,NA,NA,5921
烟台连云港,NA,NA,NA,NA,NA,NA,NA,NA,NA,7690
嘉峪关阿拉善左旗,NA,NA,NA,NA,NA,NA,NA,NA,NA,21668
呼和浩特包头,NA,NA,NA,NA,NA,NA,NA,NA,NA,5942
包头呼和浩特,NA,NA,NA,NA,NA,NA,NA,NA,NA,5942
三亚丹东,NA,NA,NA,NA,NA,NA,NA,NA,NA,5976
丹东三亚,NA,NA,NA,NA,NA,NA,NA,NA,NA,5976
贵阳西双版纳,NA,NA,NA,NA,NA,NA,NA,NA,NA,6001
哈尔滨西宁,NA,NA,NA,NA,NA,NA,NA,NA,NA,22701
库车库尔勒,NA,NA,NA,NA,NA,NA,NA,NA,NA,18649
南京梧州,NA,NA,NA,NA,NA,NA,NA,NA,NA,17556
喀什伊宁,NA,NA,NA,NA,NA,NA,NA,NA,NA,18657
北京首都林芝,NA,NA,NA,NA,NA,NA,NA,NA,NA,23126
北京南苑南通,NA,NA,NA,NA,NA,NA,NA,NA,NA,6040
北海温州,NA,NA,NA,NA,NA,NA,NA,NA,NA,19344
武夷山郑州,NA,NA,NA,NA,NA,NA,NA,NA,NA,6059
郑州武夷山,NA,NA,NA,NA,NA,NA,NA,NA,NA,6059
长春阜阳,NA,NA,NA,NA,NA,NA,NA,NA,NA,18682
青阳青岛,NA,NA,NA,NA,NA,NA,NA,NA,NA,20532
长春徐州,NA,NA,NA,NA,NA,NA,NA,NA,NA,18694
长春绵阳,NA,NA,NA,NA,NA,NA,NA,NA,NA,18697
长春哈尔滨,NA,NA,NA,NA,NA,NA,NA,NA,NA,18700
长春佳木斯,NA,NA,NA,NA,NA,NA,NA,NA,NA,18701
大庆北京南苑,NA,NA,NA,NA,NA,NA,NA,NA,NA,18713
大庆杭州,NA,NA,NA,NA,NA,NA,NA,NA,NA,18716
运城郑州,NA,NA,NA,NA,NA,NA,NA,NA,NA,6096
郑州运城,NA,NA,NA,NA,NA,NA,NA,NA,NA,6096
哈尔滨长治,NA,NA,NA,NA,NA,NA,NA,NA,NA,18725
赤峰锡林浩特,NA,NA,NA,NA,NA,NA,NA,NA,NA,6100
威海合肥,NA,NA,NA,NA,NA,NA,NA,NA,NA,24039
乌海兰州,NA,NA,NA,NA,NA,NA,NA,NA,NA,17705
天津邯郸,NA,NA,NA,NA,NA,NA,NA,NA,NA,6123
哈尔滨义乌,NA,NA,NA,NA,NA,NA,NA,NA,NA,18765
吐鲁番北京首都,NA,NA,NA,NA,NA,NA,NA,NA,NA,25688
张掖庆阳,NA,NA,NA,NA,NA,NA,NA,NA,NA,17742
鄂尔多斯烟台,NA,NA,NA,NA,NA,NA,NA,NA,NA,24847
北京南苑柳州,NA,NA,NA,NA,NA,NA,NA,NA,NA,10595
柳州北京南苑,NA,NA,NA,NA,NA,NA,NA,NA,NA,10595
牡丹江延吉,NA,NA,NA,NA,NA,NA,NA,NA,NA,18807
运城大同,NA,NA,NA,NA,NA,NA,NA,NA,NA,6147
大同运城,NA,NA,NA,NA,NA,NA,NA,NA,NA,6147
大连宜昌,NA,NA,NA,NA,NA,NA,NA,NA,NA,18826
赣州珠海,NA,NA,NA,NA,NA,NA,NA,NA,NA,20652
凯里北京南苑,NA,NA,NA,NA,NA,NA,NA,NA,NA,22880
大连阜阳,NA,NA,NA,NA,NA,NA,NA,NA,NA,18832
通辽鄂尔多斯,NA,NA,NA,NA,NA,NA,NA,NA,NA,6158
鄂尔多斯通辽,NA,NA,NA,NA,NA,NA,NA,NA,NA,6158
张家口郑州,NA,NA,NA,NA,NA,NA,NA,NA,NA,21902
大连义乌,NA,NA,NA,NA,NA,NA,NA,NA,NA,18847
天津合肥,NA,NA,NA,NA,NA,NA,NA,NA,NA,6183
合肥天津,NA,NA,NA,NA,NA,NA,NA,NA,NA,6183
临沂武汉,NA,NA,NA,NA,NA,NA,NA,NA,NA,13133
二连浩特锡林浩特,NA,NA,NA,NA,NA,NA,NA,NA,NA,6184
阿勒泰伊宁,NA,NA,NA,NA,NA,NA,NA,NA,NA,18897
海口淮安,NA,NA,NA,NA,NA,NA,NA,NA,NA,24969
安庆黄山,NA,NA,NA,NA,NA,NA,NA,NA,NA,18906
银川额济纳旗,NA,NA,NA,NA,NA,NA,NA,NA,NA,20035
荔波深圳,NA,NA,NA,NA,NA,NA,NA,NA,NA,20771
包头通辽,NA,NA,NA,NA,NA,NA,NA,NA,NA,18914
通辽呼伦贝尔,NA,NA,NA,NA,NA,NA,NA,NA,NA,6217
呼伦贝尔通辽,NA,NA,NA,NA,NA,NA,NA,NA,NA,6217
德宏南京,NA,NA,NA,NA,NA,NA,NA,NA,NA,20777
常德重庆,NA,NA,NA,NA,NA,NA,NA,NA,NA,18937
昆明榆林,NA,NA,NA,NA,NA,NA,NA,NA,NA,13190
长春通辽,NA,NA,NA,NA,NA,NA,NA,NA,NA,18948
温州常州,NA,NA,NA,NA,NA,NA,NA,NA,NA,6263
常州温州,NA,NA,NA,NA,NA,NA,NA,NA,NA,6263
万州广州,NA,NA,NA,NA,NA,NA,NA,NA,NA,10745
揭阳潮汕重庆,NA,NA,NA,NA,NA,NA,NA,NA,NA,10773
武汉常州,NA,NA,NA,NA,NA,NA,NA,NA,NA,6305
常州武汉,NA,NA,NA,NA,NA,NA,NA,NA,NA,6305
杭州九寨沟,NA,NA,NA,NA,NA,NA,NA,NA,NA,25075
厦门九江,NA,NA,NA,NA,NA,NA,NA,NA,NA,10790
九江厦门,NA,NA,NA,NA,NA,NA,NA,NA,NA,10790
杭州喀什,NA,NA,NA,NA,NA,NA,NA,NA,NA,25094
大连沈阳,NA,NA,NA,NA,NA,NA,NA,NA,NA,19009
丽江文山,NA,NA,NA,NA,NA,NA,NA,NA,NA,23054
呼伦贝尔上海浦东,NA,NA,NA,NA,NA,NA,NA,NA,NA,10831
丽江桂林,NA,NA,NA,NA,NA,NA,NA,NA,NA,10857
揭阳潮汕武夷山,NA,NA,NA,NA,NA,NA,NA,NA,NA,75
佛山揭阳潮汕,NA,NA,NA,NA,NA,NA,NA,NA,NA,19048
南宁兴义,NA,NA,NA,NA,NA,NA,NA,NA,NA,6373
南京湛江,NA,NA,NA,NA,NA,NA,NA,NA,NA,20937
夏河兰州,NA,NA,NA,NA,NA,NA,NA,NA,NA,19053
邯郸石家庄,NA,NA,NA,NA,NA,NA,NA,NA,NA,19059
南宁腾冲,NA,NA,NA,NA,NA,NA,NA,NA,NA,20951
怀化长沙,NA,NA,NA,NA,NA,NA,NA,NA,NA,10885
海口烟台,NA,NA,NA,NA,NA,NA,NA,NA,NA,13477
乌兰浩特太原,NA,NA,NA,NA,NA,NA,NA,NA,NA,25123
呼伦贝尔大连,NA,NA,NA,NA,NA,NA,NA,NA,NA,22243
舟山大连,NA,NA,NA,NA,NA,NA,NA,NA,NA,22244
哈尔滨齐齐哈尔,NA,NA,NA,NA,NA,NA,NA,NA,NA,19100
哈尔滨延吉,NA,NA,NA,NA,NA,NA,NA,NA,NA,19104
且末库尔勒,NA,NA,NA,NA,NA,NA,NA,NA,NA,19117
庆阳嘉峪关,NA,NA,NA,NA,NA,NA,NA,NA,NA,19119
南京台州,NA,NA,NA,NA,NA,NA,NA,NA,NA,18138
泉州南昌,NA,NA,NA,NA,NA,NA,NA,NA,NA,19135
佳木斯鸡西,NA,NA,NA,NA,NA,NA,NA,NA,NA,19137
义乌揭阳潮汕,NA,NA,NA,NA,NA,NA,NA,NA,NA,10947
揭阳潮汕义乌,NA,NA,NA,NA,NA,NA,NA,NA,NA,10947
哈尔滨揭阳潮汕,NA,NA,NA,NA,NA,NA,NA,NA,NA,25173
贵阳万州,NA,NA,NA,NA,NA,NA,NA,NA,NA,19172
舟山揭阳潮汕,NA,NA,NA,NA,NA,NA,NA,NA,NA,25182
海口鄂尔多斯,NA,NA,NA,NA,NA,NA,NA,NA,NA,22320
丽江德宏,NA,NA,NA,NA,NA,NA,NA,NA,NA,19182
丽江腾冲,NA,NA,NA,NA,NA,NA,NA,NA,NA,19184
台州南宁,NA,NA,NA,NA,NA,NA,NA,NA,NA,25196
天津常德,NA,NA,NA,NA,NA,NA,NA,NA,NA,6549
常德天津,NA,NA,NA,NA,NA,NA,NA,NA,NA,6549
南宁梧州,NA,NA,NA,NA,NA,NA,NA,NA,NA,19206
青岛台州,NA,NA,NA,NA,NA,NA,NA,NA,NA,11020
台州青岛,NA,NA,NA,NA,NA,NA,NA,NA,NA,11020
北京南苑石家庄,NA,NA,NA,NA,NA,NA,NA,NA,NA,19212
北京南苑伊宁,NA,NA,NA,NA,NA,NA,NA,NA,NA,23288
上海虹桥泸州,NA,NA,NA,NA,NA,NA,NA,NA,NA,6988
乌海锡林浩特,NA,NA,NA,NA,NA,NA,NA,NA,NA,19252
西双版纳温州,NA,NA,NA,NA,NA,NA,NA,NA,NA,25251
西双版纳宁波,NA,NA,NA,NA,NA,NA,NA,NA,NA,25252
秦皇岛上海虹桥,NA,NA,NA,NA,NA,NA,NA,NA,NA,7123
邯郸海口,NA,NA,NA,NA,NA,NA,NA,NA,NA,22435
百色昆明,NA,NA,NA,NA,NA,NA,NA,NA,NA,19270
秦皇岛广州,NA,NA,NA,NA,NA,NA,NA,NA,NA,13759
泉州北京南苑,NA,NA,NA,NA,NA,NA,NA,NA,NA,25272
六盘水海口,NA,NA,NA,NA,NA,NA,NA,NA,NA,22454
宜昌三亚,NA,NA,NA,NA,NA,NA,NA,NA,NA,11058
三亚宜昌,NA,NA,NA,NA,NA,NA,NA,NA,NA,11058
包头济宁,NA,NA,NA,NA,NA,NA,NA,NA,NA,19303
包头南宁,NA,NA,NA,NA,NA,NA,NA,NA,NA,19307
鸡西三亚,NA,NA,NA,NA,NA,NA,NA,NA,NA,25292
广州安顺,NA,NA,NA,NA,NA,NA,NA,NA,NA,6633
安顺广州,NA,NA,NA,NA,NA,NA,NA,NA,NA,6633
喀什兰州,NA,NA,NA,NA,NA,NA,NA,NA,NA,25299
北海洛阳,NA,NA,NA,NA,NA,NA,NA,NA,NA,19336
通辽郑州,NA,NA,NA,NA,NA,NA,NA,NA,NA,6654
郑州通辽,NA,NA,NA,NA,NA,NA,NA,NA,NA,6654
南昌泉州,NA,NA,NA,NA,NA,NA,NA,NA,NA,19135
北海厦门,NA,NA,NA,NA,NA,NA,NA,NA,NA,19346
银川鄂尔多斯,NA,NA,NA,NA,NA,NA,NA,NA,NA,6687
鄂尔多斯银川,NA,NA,NA,NA,NA,NA,NA,NA,NA,6687
西安安康,NA,NA,NA,NA,NA,NA,NA,NA,NA,6691
安康西安,NA,NA,NA,NA,NA,NA,NA,NA,NA,6691
广州丹东,NA,NA,NA,NA,NA,NA,NA,NA,NA,19360
赤峰烟台,NA,NA,NA,NA,NA,NA,NA,NA,NA,18488
广州黑河,NA,NA,NA,NA,NA,NA,NA,NA,NA,19374
天津济宁,NA,NA,NA,NA,NA,NA,NA,NA,NA,11190
济宁天津,NA,NA,NA,NA,NA,NA,NA,NA,NA,11190
广州九江,NA,NA,NA,NA,NA,NA,NA,NA,NA,19391
贵阳南阳,NA,NA,NA,NA,NA,NA,NA,NA,NA,25385
沈阳运城,NA,NA,NA,NA,NA,NA,NA,NA,NA,8264
珠海梧州,NA,NA,NA,NA,NA,NA,NA,NA,NA,6750
梧州珠海,NA,NA,NA,NA,NA,NA,NA,NA,NA,6750
贵阳桂林,NA,NA,NA,NA,NA,NA,NA,NA,NA,11237
广州伊春,NA,NA,NA,NA,NA,NA,NA,NA,NA,19404
广州永州,NA,NA,NA,NA,NA,NA,NA,NA,NA,19408
桂林临沂,NA,NA,NA,NA,NA,NA,NA,NA,NA,25420
锦州成都,NA,NA,NA,NA,NA,NA,NA,NA,NA,1
厦门呼伦贝尔,NA,NA,NA,NA,NA,NA,NA,NA,NA,22652
广州文山,NA,NA,NA,NA,NA,NA,NA,NA,NA,19449
广州锡林浩特,NA,NA,NA,NA,NA,NA,NA,NA,NA,19457
武汉北京南苑,NA,NA,NA,NA,NA,NA,NA,NA,NA,6813
北京南苑武汉,NA,NA,NA,NA,NA,NA,NA,NA,NA,6813
常德柳州,NA,NA,NA,NA,NA,NA,NA,NA,NA,19471
常德南京,NA,NA,NA,NA,NA,NA,NA,NA,NA,19472
郑州大同,NA,NA,NA,NA,NA,NA,NA,NA,NA,19484
敦煌金昌,NA,NA,NA,NA,NA,NA,NA,NA,NA,21432
郑州哈密,NA,NA,NA,NA,NA,NA,NA,NA,NA,19495
郑州台州,NA,NA,NA,NA,NA,NA,NA,NA,NA,19497
鄂尔多斯呼伦贝尔,NA,NA,NA,NA,NA,NA,NA,NA,NA,21437
郑州石家庄,NA,NA,NA,NA,NA,NA,NA,NA,NA,19519
上海虹桥潍坊,NA,NA,NA,NA,NA,NA,NA,NA,NA,10579
郑州腾冲,NA,NA,NA,NA,NA,NA,NA,NA,NA,19524
伊宁喀什,NA,NA,NA,NA,NA,NA,NA,NA,NA,18657
珠海泉州,NA,NA,NA,NA,NA,NA,NA,NA,NA,20507
济宁上海虹桥,NA,NA,NA,NA,NA,NA,NA,NA,NA,11182
六盘水上海浦东,NA,NA,NA,NA,NA,NA,NA,NA,NA,25496
武汉兴义,NA,NA,NA,NA,NA,NA,NA,NA,NA,6884
兴义武汉,NA,NA,NA,NA,NA,NA,NA,NA,NA,6884
汉中大连,NA,NA,NA,NA,NA,NA,NA,NA,NA,24795
柳州天津,NA,NA,NA,NA,NA,NA,NA,NA,NA,25532
佛山重庆,NA,NA,NA,NA,NA,NA,NA,NA,NA,6904
重庆佛山,NA,NA,NA,NA,NA,NA,NA,NA,NA,6904
黄山济南,NA,NA,NA,NA,NA,NA,NA,NA,NA,6917
济南黄山,NA,NA,NA,NA,NA,NA,NA,NA,NA,6917
赤峰西安,NA,NA,NA,NA,NA,NA,NA,NA,NA,19595
无锡西双版纳,NA,NA,NA,NA,NA,NA,NA,NA,NA,22790
重庆大同,NA,NA,NA,NA,NA,NA,NA,NA,NA,19610
重庆邯郸,NA,NA,NA,NA,NA,NA,NA,NA,NA,19619
沈阳满洲里,NA,NA,NA,NA,NA,NA,NA,NA,NA,9845
青岛泉州,NA,NA,NA,NA,NA,NA,NA,NA,NA,22811
海口包头,NA,NA,NA,NA,NA,NA,NA,NA,NA,6933
包头海口,NA,NA,NA,NA,NA,NA,NA,NA,NA,6933
昆明揭阳潮汕,NA,NA,NA,NA,NA,NA,NA,NA,NA,11534
鞍山上海虹桥,NA,NA,NA,NA,NA,NA,NA,NA,NA,12518
揭阳潮汕济南,NA,NA,NA,NA,NA,NA,NA,NA,NA,11536
洛阳上海浦东,NA,NA,NA,NA,NA,NA,NA,NA,NA,6944
上海浦东喀什,NA,NA,NA,NA,NA,NA,NA,NA,NA,22851
重庆张掖,NA,NA,NA,NA,NA,NA,NA,NA,NA,19678
天津常州,NA,NA,NA,NA,NA,NA,NA,NA,NA,6950
常州天津,NA,NA,NA,NA,NA,NA,NA,NA,NA,6950
北京南苑潍坊,NA,NA,NA,NA,NA,NA,NA,NA,NA,11645
长沙赣州,NA,NA,NA,NA,NA,NA,NA,NA,NA,19704
徐州杭州,NA,NA,NA,NA,NA,NA,NA,NA,NA,6960
杭州徐州,NA,NA,NA,NA,NA,NA,NA,NA,NA,6960
银川包头,NA,NA,NA,NA,NA,NA,NA,NA,NA,6962
包头银川,NA,NA,NA,NA,NA,NA,NA,NA,NA,6962
满洲里济南,NA,NA,NA,NA,NA,NA,NA,NA,NA,25654
晋江上海虹桥,NA,NA,NA,NA,NA,NA,NA,NA,NA,1914
上海虹桥晋江,NA,NA,NA,NA,NA,NA,NA,NA,NA,1914
成都舟山,NA,NA,NA,NA,NA,NA,NA,NA,NA,19768
成都青阳,NA,NA,NA,NA,NA,NA,NA,NA,NA,19778
运城重庆,NA,NA,NA,NA,NA,NA,NA,NA,NA,11696
重庆运城,NA,NA,NA,NA,NA,NA,NA,NA,NA,11696
北京南苑日喀则,NA,NA,NA,NA,NA,NA,NA,NA,NA,25694
北京南苑重庆,NA,NA,NA,NA,NA,NA,NA,NA,NA,7035
重庆北京南苑,NA,NA,NA,NA,NA,NA,NA,NA,NA,7035
通辽大连,NA,NA,NA,NA,NA,NA,NA,NA,NA,7062
大连通辽,NA,NA,NA,NA,NA,NA,NA,NA,NA,7062
深圳荔波,NA,NA,NA,NA,NA,NA,NA,NA,NA,20771
大同贵阳,NA,NA,NA,NA,NA,NA,NA,NA,NA,19864
湛江桂林,NA,NA,NA,NA,NA,NA,NA,NA,NA,23003
大同三亚,NA,NA,NA,NA,NA,NA,NA,NA,NA,19869
揭阳潮汕宁波,NA,NA,NA,NA,NA,NA,NA,NA,NA,7096
宁波揭阳潮汕,NA,NA,NA,NA,NA,NA,NA,NA,NA,7096
达州北京南苑,NA,NA,NA,NA,NA,NA,NA,NA,NA,19875
武汉宜昌,NA,NA,NA,NA,NA,NA,NA,NA,NA,17605
海口三亚,NA,NA,NA,NA,NA,NA,NA,NA,NA,17636
丹东烟台,NA,NA,NA,NA,NA,NA,NA,NA,NA,19885
广州黔江,NA,NA,NA,NA,NA,NA,NA,NA,NA,21767
上海浦东秦皇岛,NA,NA,NA,NA,NA,NA,NA,NA,NA,7123
康定重庆,NA,NA,NA,NA,NA,NA,NA,NA,NA,18969
迪庆深圳,NA,NA,NA,NA,NA,NA,NA,NA,NA,19890
大连丽江,NA,NA,NA,NA,NA,NA,NA,NA,NA,19913
上海虹桥通辽,NA,NA,NA,NA,NA,NA,NA,NA,NA,18192
大连丹东,NA,NA,NA,NA,NA,NA,NA,NA,NA,19002
文山丽江,NA,NA,NA,NA,NA,NA,NA,NA,NA,23054
上海虹桥衢州,NA,NA,NA,NA,NA,NA,NA,NA,NA,18355
济南绵阳,NA,NA,NA,NA,NA,NA,NA,NA,NA,20864
敦煌杭州,NA,NA,NA,NA,NA,NA,NA,NA,NA,19957
敦煌阿拉善右旗,NA,NA,NA,NA,NA,NA,NA,NA,NA,19960
敦煌吐鲁番,NA,NA,NA,NA,NA,NA,NA,NA,NA,19964
盐城呼伦贝尔,NA,NA,NA,NA,NA,NA,NA,NA,NA,25113
东营海口,NA,NA,NA,NA,NA,NA,NA,NA,NA,19967
阜阳合肥,NA,NA,NA,NA,NA,NA,NA,NA,NA,7206
兰州夏河,NA,NA,NA,NA,NA,NA,NA,NA,NA,19053
天津拉萨,NA,NA,NA,NA,NA,NA,NA,NA,NA,23082
青岛揭阳潮汕,NA,NA,NA,NA,NA,NA,NA,NA,NA,7221
郑州九寨沟,NA,NA,NA,NA,NA,NA,NA,NA,NA,21868
德宏上海虹桥,NA,NA,NA,NA,NA,NA,NA,NA,NA,20779
大庆威海,NA,NA,NA,NA,NA,NA,NA,NA,NA,19983
鄂尔多斯福州,NA,NA,NA,NA,NA,NA,NA,NA,NA,19985
揭阳潮汕沈阳,NA,NA,NA,NA,NA,NA,NA,NA,NA,11949
沈阳揭阳潮汕,NA,NA,NA,NA,NA,NA,NA,NA,NA,11949
青岛林芝,NA,NA,NA,NA,NA,NA,NA,NA,NA,23128
无锡珠海,NA,NA,NA,NA,NA,NA,NA,NA,NA,25915
张家界揭阳潮汕,NA,NA,NA,NA,NA,NA,NA,NA,NA,6231
兰州榆林,NA,NA,NA,NA,NA,NA,NA,NA,NA,24129
宜昌郑州,NA,NA,NA,NA,NA,NA,NA,NA,NA,17580
天津乌海,NA,NA,NA,NA,NA,NA,NA,NA,NA,21247
绵阳九寨沟,NA,NA,NA,NA,NA,NA,NA,NA,NA,19141
武汉扬州,NA,NA,NA,NA,NA,NA,NA,NA,NA,12021
额济纳旗银川,NA,NA,NA,NA,NA,NA,NA,NA,NA,20035
通辽南京,NA,NA,NA,NA,NA,NA,NA,NA,NA,23196
拉萨邦达,NA,NA,NA,NA,NA,NA,NA,NA,NA,16851
连云港上海浦东,NA,NA,NA,NA,NA,NA,NA,NA,NA,12035
恩施北京南苑,NA,NA,NA,NA,NA,NA,NA,NA,NA,20041
荔波上海虹桥,NA,NA,NA,NA,NA,NA,NA,NA,NA,23062
昆明武夷山,NA,NA,NA,NA,NA,NA,NA,NA,NA,17940
福州连云港,NA,NA,NA,NA,NA,NA,NA,NA,NA,20065
广元重庆,NA,NA,NA,NA,NA,NA,NA,NA,NA,16863
福州襄阳,NA,NA,NA,NA,NA,NA,NA,NA,NA,20087
北京南苑哈密,NA,NA,NA,NA,NA,NA,NA,NA,NA,12115
南宁常州,NA,NA,NA,NA,NA,NA,NA,NA,NA,7309
长沙呼伦贝尔,NA,NA,NA,NA,NA,NA,NA,NA,NA,22049
济南临沂,NA,NA,NA,NA,NA,NA,NA,NA,NA,7319
佛山西安,NA,NA,NA,NA,NA,NA,NA,NA,NA,20105
呼伦贝尔呼和浩特,NA,NA,NA,NA,NA,NA,NA,NA,NA,16887
上海浦东杭州,NA,NA,NA,NA,NA,NA,NA,NA,NA,16892
格尔木北京南苑,NA,NA,NA,NA,NA,NA,NA,NA,NA,20110
石家庄济南,NA,NA,NA,NA,NA,NA,NA,NA,NA,7355
固原杭州,NA,NA,NA,NA,NA,NA,NA,NA,NA,20117
太原揭阳潮汕,NA,NA,NA,NA,NA,NA,NA,NA,NA,21158
衡阳上海虹桥,NA,NA,NA,NA,NA,NA,NA,NA,NA,25130
赣州南京,NA,NA,NA,NA,NA,NA,NA,NA,NA,20643
海口通辽,NA,NA,NA,NA,NA,NA,NA,NA,NA,20153
海口文山,NA,NA,NA,NA,NA,NA,NA,NA,NA,20160
海口西宁,NA,NA,NA,NA,NA,NA,NA,NA,NA,20167
吕梁上海虹桥,NA,NA,NA,NA,NA,NA,NA,NA,NA,25493
南阳洛阳,NA,NA,NA,NA,NA,NA,NA,NA,NA,16919
潍坊临沂,NA,NA,NA,NA,NA,NA,NA,NA,NA,16922
温州宁波,NA,NA,NA,NA,NA,NA,NA,NA,NA,16924
上海虹桥襄阳,NA,NA,NA,NA,NA,NA,NA,NA,NA,25702
济南通辽,NA,NA,NA,NA,NA,NA,NA,NA,NA,21229
洛阳北海,NA,NA,NA,NA,NA,NA,NA,NA,NA,19336
黑河济南,NA,NA,NA,NA,NA,NA,NA,NA,NA,20187
鄂尔多斯赤峰,NA,NA,NA,NA,NA,NA,NA,NA,NA,16994
上海虹桥通化,NA,NA,NA,NA,NA,NA,NA,NA,NA,25716
上海虹桥万州,NA,NA,NA,NA,NA,NA,NA,NA,NA,25718
呼和浩特丽江,NA,NA,NA,NA,NA,NA,NA,NA,NA,20200
康定成都,NA,NA,NA,NA,NA,NA,NA,NA,NA,12248
海口台州,NA,NA,NA,NA,NA,NA,NA,NA,NA,37
呼和浩特揭阳潮汕,NA,NA,NA,NA,NA,NA,NA,NA,NA,20209
呼和浩特黄山,NA,NA,NA,NA,NA,NA,NA,NA,NA,20215
赣州西安,NA,NA,NA,NA,NA,NA,NA,NA,NA,8447
呼和浩特温州,NA,NA,NA,NA,NA,NA,NA,NA,NA,20217
长春北京南苑,NA,NA,NA,NA,NA,NA,NA,NA,NA,8945
合肥和田,NA,NA,NA,NA,NA,NA,NA,NA,NA,20224
合肥赣州,NA,NA,NA,NA,NA,NA,NA,NA,NA,20228
武夷山福州,NA,NA,NA,NA,NA,NA,NA,NA,NA,7460
合肥丽江,NA,NA,NA,NA,NA,NA,NA,NA,NA,20232
秦皇岛呼和浩特,NA,NA,NA,NA,NA,NA,NA,NA,NA,17030
义乌梧州,NA,NA,NA,NA,NA,NA,NA,NA,NA,23548
合肥运城,NA,NA,NA,NA,NA,NA,NA,NA,NA,20250
杭州济宁,NA,NA,NA,NA,NA,NA,NA,NA,NA,20262
宜昌唐山,NA,NA,NA,NA,NA,NA,NA,NA,NA,17056
济宁唐山,NA,NA,NA,NA,NA,NA,NA,NA,NA,17057
上海虹桥庆阳,NA,NA,NA,NA,NA,NA,NA,NA,NA,20447
杭州腾冲,NA,NA,NA,NA,NA,NA,NA,NA,NA,20289
杭州万州,NA,NA,NA,NA,NA,NA,NA,NA,NA,20297
北京南苑库尔勒,NA,NA,NA,NA,NA,NA,NA,NA,NA,12365
深圳鄂尔多斯,NA,NA,NA,NA,NA,NA,NA,NA,NA,7514
神农架重庆,NA,NA,NA,NA,NA,NA,NA,NA,NA,23630
泉州潍坊,NA,NA,NA,NA,NA,NA,NA,NA,NA,18328
永州长沙,NA,NA,NA,NA,NA,NA,NA,NA,NA,21404
淮安南宁,NA,NA,NA,NA,NA,NA,NA,NA,NA,20314
康定稻城,NA,NA,NA,NA,NA,NA,NA,NA,NA,23654
淮安揭阳潮汕,NA,NA,NA,NA,NA,NA,NA,NA,NA,20318
大连敦煌,NA,NA,NA,NA,NA,NA,NA,NA,NA,7541
呼伦贝尔昆明,NA,NA,NA,NA,NA,NA,NA,NA,NA,20328
杭州常德,NA,NA,NA,NA,NA,NA,NA,NA,NA,17244
上海浦东怀化,NA,NA,NA,NA,NA,NA,NA,NA,NA,17250
呼伦贝尔秦皇岛,NA,NA,NA,NA,NA,NA,NA,NA,NA,20334
潍坊无锡,NA,NA,NA,NA,NA,NA,NA,NA,NA,18378
金昌北京首都,NA,NA,NA,NA,NA,NA,NA,NA,NA,25257
威海张家界,NA,NA,NA,NA,NA,NA,NA,NA,NA,17272
上海虹桥嘉峪关,NA,NA,NA,NA,NA,NA,NA,NA,NA,22774
昆明佛山,NA,NA,NA,NA,NA,NA,NA,NA,NA,17284
揭阳潮汕合肥,NA,NA,NA,NA,NA,NA,NA,NA,NA,12516
温州佛山,NA,NA,NA,NA,NA,NA,NA,NA,NA,17286
梧州广州,NA,NA,NA,NA,NA,NA,NA,NA,NA,17300
东营广州,NA,NA,NA,NA,NA,NA,NA,NA,NA,17317
洛阳青岛,NA,NA,NA,NA,NA,NA,NA,NA,NA,9077
张掖上海虹桥,NA,NA,NA,NA,NA,NA,NA,NA,NA,23335
吐鲁番哈密,NA,NA,NA,NA,NA,NA,NA,NA,NA,23727
温州万州,NA,NA,NA,NA,NA,NA,NA,NA,NA,18459
和田上海浦东,NA,NA,NA,NA,NA,NA,NA,NA,NA,20400
宜昌南京,NA,NA,NA,NA,NA,NA,NA,NA,NA,7642
台州银川,NA,NA,NA,NA,NA,NA,NA,NA,NA,20402
上海虹桥朝阳,NA,NA,NA,NA,NA,NA,NA,NA,NA,24523
北京南苑白山,NA,NA,NA,NA,NA,NA,NA,NA,NA,12571
银川嘉峪关,NA,NA,NA,NA,NA,NA,NA,NA,NA,20416
海口襄阳,NA,NA,NA,NA,NA,NA,NA,NA,NA,10113
上海虹桥固原,NA,NA,NA,NA,NA,NA,NA,NA,NA,24931
郑州阿克苏,NA,NA,NA,NA,NA,NA,NA,NA,NA,21640
福州长治,NA,NA,NA,NA,NA,NA,NA,NA,NA,7653
义乌长沙,NA,NA,NA,NA,NA,NA,NA,NA,NA,17404
长沙满洲里,NA,NA,NA,NA,NA,NA,NA,NA,NA,24643
宜宾长沙,NA,NA,NA,NA,NA,NA,NA,NA,NA,17410
厦门鄂尔多斯,NA,NA,NA,NA,NA,NA,NA,NA,NA,10309
鄂尔多斯厦门,NA,NA,NA,NA,NA,NA,NA,NA,NA,10309
南阳桂林,NA,NA,NA,NA,NA,NA,NA,NA,NA,17424
呼伦贝尔青岛,NA,NA,NA,NA,NA,NA,NA,NA,NA,22647
武汉无锡,NA,NA,NA,NA,NA,NA,NA,NA,NA,12633
嘉峪关阿拉善右旗,NA,NA,NA,NA,NA,NA,NA,NA,NA,20458
嘉峪关天津,NA,NA,NA,NA,NA,NA,NA,NA,NA,20461
井冈山南京,NA,NA,NA,NA,NA,NA,NA,NA,NA,20463
济南满洲里,NA,NA,NA,NA,NA,NA,NA,NA,NA,25654
西双版纳太原,NA,NA,NA,NA,NA,NA,NA,NA,NA,20476
毕节上海浦东,NA,NA,NA,NA,NA,NA,NA,NA,NA,12663
南通盐城,NA,NA,NA,NA,NA,NA,NA,NA,NA,7693
兰州鄂尔多斯,NA,NA,NA,NA,NA,NA,NA,NA,NA,7696
鄂尔多斯兰州,NA,NA,NA,NA,NA,NA,NA,NA,NA,7696
泉州绵阳,NA,NA,NA,NA,NA,NA,NA,NA,NA,20490
西双版纳毕节,NA,NA,NA,NA,NA,NA,NA,NA,NA,23883
西宁包头,NA,NA,NA,NA,NA,NA,NA,NA,NA,21697
北京首都凯里,NA,NA,NA,NA,NA,NA,NA,NA,NA,22880
唐山长春,NA,NA,NA,NA,NA,NA,NA,NA,NA,23923
秦皇岛郑州,NA,NA,NA,NA,NA,NA,NA,NA,NA,17576
深圳通化,NA,NA,NA,NA,NA,NA,NA,NA,NA,23437
上海浦东漠河,NA,NA,NA,NA,NA,NA,NA,NA,NA,20992
锦州烟台,NA,NA,NA,NA,NA,NA,NA,NA,NA,20529
青阳北京南苑,NA,NA,NA,NA,NA,NA,NA,NA,NA,20530
洛阳武汉,NA,NA,NA,NA,NA,NA,NA,NA,NA,17602
普洱上海浦东,NA,NA,NA,NA,NA,NA,NA,NA,NA,25730
青阳厦门,NA,NA,NA,NA,NA,NA,NA,NA,NA,20533
三亚海口,NA,NA,NA,NA,NA,NA,NA,NA,NA,17636
九寨沟深圳,NA,NA,NA,NA,NA,NA,NA,NA,NA,20546
九寨沟武汉,NA,NA,NA,NA,NA,NA,NA,NA,NA,20547
天津二连浩特,NA,NA,NA,NA,NA,NA,NA,NA,NA,24009
揭阳潮汕西安,NA,NA,NA,NA,NA,NA,NA,NA,NA,25776
上海浦东迪庆,NA,NA,NA,NA,NA,NA,NA,NA,NA,19889
西宁揭阳潮汕,NA,NA,NA,NA,NA,NA,NA,NA,NA,25791
荔波广州,NA,NA,NA,NA,NA,NA,NA,NA,NA,21782
敦煌青岛,NA,NA,NA,NA,NA,NA,NA,NA,NA,24826
十堰深圳,NA,NA,NA,NA,NA,NA,NA,NA,NA,25825
敦煌福州,NA,NA,NA,NA,NA,NA,NA,NA,NA,24832
锦州大连,NA,NA,NA,NA,NA,NA,NA,NA,NA,7805
乌兰浩特兰州,NA,NA,NA,NA,NA,NA,NA,NA,NA,17706
黑河大连,NA,NA,NA,NA,NA,NA,NA,NA,NA,992
唐山济宁,NA,NA,NA,NA,NA,NA,NA,NA,NA,17057
南阳西安,NA,NA,NA,NA,NA,NA,NA,NA,NA,17782
昆明唐山,NA,NA,NA,NA,NA,NA,NA,NA,NA,20619
昆明威海,NA,NA,NA,NA,NA,NA,NA,NA,NA,20623
衢州西安,NA,NA,NA,NA,NA,NA,NA,NA,NA,17805
呼伦贝尔成都,NA,NA,NA,NA,NA,NA,NA,NA,NA,24728
徐州西安,NA,NA,NA,NA,NA,NA,NA,NA,NA,17817
赣州济南,NA,NA,NA,NA,NA,NA,NA,NA,NA,20649
临沂义乌,NA,NA,NA,NA,NA,NA,NA,NA,NA,9333
凯里桂林,NA,NA,NA,NA,NA,NA,NA,NA,NA,22879
库尔勒石家庄,NA,NA,NA,NA,NA,NA,NA,NA,NA,20656
克拉玛依北京南苑,NA,NA,NA,NA,NA,NA,NA,NA,NA,20657
贵阳大理,NA,NA,NA,NA,NA,NA,NA,NA,NA,17854
连城北京南苑,NA,NA,NA,NA,NA,NA,NA,NA,NA,20718
天津临汾,NA,NA,NA,NA,NA,NA,NA,NA,NA,24126
贵阳迪庆,NA,NA,NA,NA,NA,NA,NA,NA,NA,17861
榆林兰州,NA,NA,NA,NA,NA,NA,NA,NA,NA,24129
贵阳绵阳,NA,NA,NA,NA,NA,NA,NA,NA,NA,22946
洛阳天津,NA,NA,NA,NA,NA,NA,NA,NA,NA,7880
丽江柳州,NA,NA,NA,NA,NA,NA,NA,NA,NA,20751
满洲里长春,NA,NA,NA,NA,NA,NA,NA,NA,NA,21924
厦门丽江,NA,NA,NA,NA,NA,NA,NA,NA,NA,17885
海口张家口,NA,NA,NA,NA,NA,NA,NA,NA,NA,24987
合肥济宁,NA,NA,NA,NA,NA,NA,NA,NA,NA,23710
永州北京南苑,NA,NA,NA,NA,NA,NA,NA,NA,NA,20772
吕梁北京南苑,NA,NA,NA,NA,NA,NA,NA,NA,NA,20774
邯郸深圳,NA,NA,NA,NA,NA,NA,NA,NA,NA,24996
兰州洛阳,NA,NA,NA,NA,NA,NA,NA,NA,NA,23010
济南宜昌,NA,NA,NA,NA,NA,NA,NA,NA,NA,7945
威海重庆,NA,NA,NA,NA,NA,NA,NA,NA,NA,22021
德宏上海浦东,NA,NA,NA,NA,NA,NA,NA,NA,NA,20779
拉萨南宁,NA,NA,NA,NA,NA,NA,NA,NA,NA,20783
珠海三明,NA,NA,NA,NA,NA,NA,NA,NA,NA,24208
满洲里沈阳,NA,NA,NA,NA,NA,NA,NA,NA,NA,9845
呼伦贝尔长沙,NA,NA,NA,NA,NA,NA,NA,NA,NA,22049
连云港三亚,NA,NA,NA,NA,NA,NA,NA,NA,NA,20805
武汉安庆,NA,NA,NA,NA,NA,NA,NA,NA,NA,18012
林芝上海浦东,NA,NA,NA,NA,NA,NA,NA,NA,NA,20842
北京南苑抚远,NA,NA,NA,NA,NA,NA,NA,NA,NA,20108
牡丹江南京,NA,NA,NA,NA,NA,NA,NA,NA,NA,20844
牡丹江三亚,NA,NA,NA,NA,NA,NA,NA,NA,NA,20848
三亚阜阳,NA,NA,NA,NA,NA,NA,NA,NA,NA,18050
威海昆明,NA,NA,NA,NA,NA,NA,NA,NA,NA,20623
上海虹桥宜宾,NA,NA,NA,NA,NA,NA,NA,NA,NA,2876
柳州福州,NA,NA,NA,NA,NA,NA,NA,NA,NA,18056
鄂尔多斯二连浩特,NA,NA,NA,NA,NA,NA,NA,NA,NA,19025
文山海口,NA,NA,NA,NA,NA,NA,NA,NA,NA,20160
上海浦东安顺,NA,NA,NA,NA,NA,NA,NA,NA,NA,24270
武夷山揭阳潮汕,NA,NA,NA,NA,NA,NA,NA,NA,NA,75
张家界常州,NA,NA,NA,NA,NA,NA,NA,NA,NA,9457
杭州揭阳潮汕,NA,NA,NA,NA,NA,NA,NA,NA,NA,76
西安邯郸,NA,NA,NA,NA,NA,NA,NA,NA,NA,20181
重庆潍坊,NA,NA,NA,NA,NA,NA,NA,NA,NA,8045
淮安南京,NA,NA,NA,NA,NA,NA,NA,NA,NA,19086
荔波海口,NA,NA,NA,NA,NA,NA,NA,NA,NA,24932
济南黑河,NA,NA,NA,NA,NA,NA,NA,NA,NA,20187
武汉景德镇,NA,NA,NA,NA,NA,NA,NA,NA,NA,18112
南京景德镇,NA,NA,NA,NA,NA,NA,NA,NA,NA,18113
石家庄济宁,NA,NA,NA,NA,NA,NA,NA,NA,NA,18115
林芝青岛,NA,NA,NA,NA,NA,NA,NA,NA,NA,23128
襄樊北京首都,NA,NA,NA,NA,NA,NA,NA,NA,NA,1716
长春上海虹桥,NA,NA,NA,NA,NA,NA,NA,NA,NA,4810
中卫北京南苑,NA,NA,NA,NA,NA,NA,NA,NA,NA,13517
黄山长沙,NA,NA,NA,NA,NA,NA,NA,NA,NA,8090
长沙黄山,NA,NA,NA,NA,NA,NA,NA,NA,NA,8090
武夷山重庆,NA,NA,NA,NA,NA,NA,NA,NA,NA,8091
重庆武夷山,NA,NA,NA,NA,NA,NA,NA,NA,NA,8091
揭阳潮汕郑州,NA,NA,NA,NA,NA,NA,NA,NA,NA,8097
郑州揭阳潮汕,NA,NA,NA,NA,NA,NA,NA,NA,NA,8097
宜昌重庆,NA,NA,NA,NA,NA,NA,NA,NA,NA,8104
重庆宜昌,NA,NA,NA,NA,NA,NA,NA,NA,NA,8104
无锡北京南苑,NA,NA,NA,NA,NA,NA,NA,NA,NA,8106
上海浦东井冈山,NA,NA,NA,NA,NA,NA,NA,NA,NA,13592
阜阳青岛,NA,NA,NA,NA,NA,NA,NA,NA,NA,18287
济南青岛,NA,NA,NA,NA,NA,NA,NA,NA,NA,18291
呼伦贝尔广州,NA,NA,NA,NA,NA,NA,NA,NA,NA,24427
西安通辽,NA,NA,NA,NA,NA,NA,NA,NA,NA,21113
西安吐鲁番,NA,NA,NA,NA,NA,NA,NA,NA,NA,21114
烟台青岛,NA,NA,NA,NA,NA,NA,NA,NA,NA,18302
银川珠海,NA,NA,NA,NA,NA,NA,NA,NA,NA,25224
西安梧州,NA,NA,NA,NA,NA,NA,NA,NA,NA,21125
福州晋江,NA,NA,NA,NA,NA,NA,NA,NA,NA,16882
巴彦淖尔青岛,NA,NA,NA,NA,NA,NA,NA,NA,NA,23300
巴彦淖尔天津,NA,NA,NA,NA,NA,NA,NA,NA,NA,23301
中卫杭州,NA,NA,NA,NA,NA,NA,NA,NA,NA,20309
揭阳潮汕天津,NA,NA,NA,NA,NA,NA,NA,NA,NA,21157
常州泉州,NA,NA,NA,NA,NA,NA,NA,NA,NA,8167
揭阳潮汕淮安,NA,NA,NA,NA,NA,NA,NA,NA,NA,20318
三亚锡林浩特,NA,NA,NA,NA,NA,NA,NA,NA,NA,21175
衢州上海浦东,NA,NA,NA,NA,NA,NA,NA,NA,NA,18355
桂林黄山,NA,NA,NA,NA,NA,NA,NA,NA,NA,18361
深圳通辽,NA,NA,NA,NA,NA,NA,NA,NA,NA,21189
深圳榆林,NA,NA,NA,NA,NA,NA,NA,NA,NA,21196
北京南苑盐城,NA,NA,NA,NA,NA,NA,NA,NA,NA,14144
义乌北京南苑,NA,NA,NA,NA,NA,NA,NA,NA,NA,14171
青岛运城,NA,NA,NA,NA,NA,NA,NA,NA,NA,21225
郑州无锡,NA,NA,NA,NA,NA,NA,NA,NA,NA,18399
北海南昌,NA,NA,NA,NA,NA,NA,NA,NA,NA,19333
徐州无锡,NA,NA,NA,NA,NA,NA,NA,NA,NA,18407
沈阳武夷山,NA,NA,NA,NA,NA,NA,NA,NA,NA,18425
嘉峪关庆阳,NA,NA,NA,NA,NA,NA,NA,NA,NA,19119
北海三亚,NA,NA,NA,NA,NA,NA,NA,NA,NA,19342
天津无锡,NA,NA,NA,NA,NA,NA,NA,NA,NA,21249
上海虹桥邯郸,NA,NA,NA,NA,NA,NA,NA,NA,NA,8366
万州温州,NA,NA,NA,NA,NA,NA,NA,NA,NA,18459
太原威海,NA,NA,NA,NA,NA,NA,NA,NA,NA,21268
南京徐州,NA,NA,NA,NA,NA,NA,NA,NA,NA,18470
烟台徐州,NA,NA,NA,NA,NA,NA,NA,NA,NA,18471
鄂尔多斯石家庄,NA,NA,NA,NA,NA,NA,NA,NA,NA,17010
通辽重庆,NA,NA,NA,NA,NA,NA,NA,NA,NA,24598
唐山杭州,NA,NA,NA,NA,NA,NA,NA,NA,NA,22606
南京义乌,NA,NA,NA,NA,NA,NA,NA,NA,NA,18511
温州盐城,NA,NA,NA,NA,NA,NA,NA,NA,NA,21296
运城沈阳,NA,NA,NA,NA,NA,NA,NA,NA,NA,8264
邯郸合肥,NA,NA,NA,NA,NA,NA,NA,NA,NA,17025
揭阳潮汕长沙,NA,NA,NA,NA,NA,NA,NA,NA,NA,8267
南京秦皇岛,NA,NA,NA,NA,NA,NA,NA,NA,NA,14804
秦皇岛南京,NA,NA,NA,NA,NA,NA,NA,NA,NA,14804
海口连云港,NA,NA,NA,NA,NA,NA,NA,NA,NA,8269
大连黑河,NA,NA,NA,NA,NA,NA,NA,NA,NA,992
锡林浩特乌海,NA,NA,NA,NA,NA,NA,NA,NA,NA,19252
太原乌海,NA,NA,NA,NA,NA,NA,NA,NA,NA,24229
北京南苑加格达奇,NA,NA,NA,NA,NA,NA,NA,NA,NA,20454
郑州南阳,NA,NA,NA,NA,NA,NA,NA,NA,NA,21370
赤峰呼伦贝尔,NA,NA,NA,NA,NA,NA,NA,NA,NA,21381
荔波贵阳,NA,NA,NA,NA,NA,NA,NA,NA,NA,18595
固原上海虹桥,NA,NA,NA,NA,NA,NA,NA,NA,NA,24931
北京南苑济宁,NA,NA,NA,NA,NA,NA,NA,NA,NA,9795
上海浦东晋江,NA,NA,NA,NA,NA,NA,NA,NA,NA,1914
宜宾绵阳,NA,NA,NA,NA,NA,NA,NA,NA,NA,18617
青阳泉州,NA,NA,NA,NA,NA,NA,NA,NA,NA,20487
南京南充,NA,NA,NA,NA,NA,NA,NA,NA,NA,18618
沈阳吉林,NA,NA,NA,NA,NA,NA,NA,NA,NA,1946
绵阳泉州,NA,NA,NA,NA,NA,NA,NA,NA,NA,20490
合肥武汉,NA,NA,NA,NA,NA,NA,NA,NA,NA,5
南昌揭阳潮汕,NA,NA,NA,NA,NA,NA,NA,NA,NA,2131
大庆呼伦贝尔,NA,NA,NA,NA,NA,NA,NA,NA,NA,23671
鄂尔多斯满洲里,NA,NA,NA,NA,NA,NA,NA,NA,NA,23677
三亚北海,NA,NA,NA,NA,NA,NA,NA,NA,NA,19342
三亚佳木斯,NA,NA,NA,NA,NA,NA,NA,NA,NA,20511
烟台佳木斯,NA,NA,NA,NA,NA,NA,NA,NA,NA,20515
烟台锦州,NA,NA,NA,NA,NA,NA,NA,NA,NA,20529
佛山昆明,NA,NA,NA,NA,NA,NA,NA,NA,NA,17284
佛山无锡,NA,NA,NA,NA,NA,NA,NA,NA,NA,17285
连云港宁波,NA,NA,NA,NA,NA,NA,NA,NA,NA,18134
泉州义乌,NA,NA,NA,NA,NA,NA,NA,NA,NA,21524
福州淮安,NA,NA,NA,NA,NA,NA,NA,NA,NA,8395
哈尔滨长春,NA,NA,NA,NA,NA,NA,NA,NA,NA,18700
佳木斯长春,NA,NA,NA,NA,NA,NA,NA,NA,NA,18701
北京南苑大庆,NA,NA,NA,NA,NA,NA,NA,NA,NA,18713
杭州大庆,NA,NA,NA,NA,NA,NA,NA,NA,NA,18716
上海虹桥宁波,NA,NA,NA,NA,NA,NA,NA,NA,NA,12047
长治哈尔滨,NA,NA,NA,NA,NA,NA,NA,NA,NA,18725
上海虹桥南京,NA,NA,NA,NA,NA,NA,NA,NA,NA,12049
衢州广州,NA,NA,NA,NA,NA,NA,NA,NA,NA,19397
温州张家界,NA,NA,NA,NA,NA,NA,NA,NA,NA,3202
张家界温州,NA,NA,NA,NA,NA,NA,NA,NA,NA,3202
长沙武汉,NA,NA,NA,NA,NA,NA,NA,NA,NA,17382
上海虹桥鞍山,NA,NA,NA,NA,NA,NA,NA,NA,NA,12518
攀枝花昆明,NA,NA,NA,NA,NA,NA,NA,NA,NA,20606
阿克苏北京南苑,NA,NA,NA,NA,NA,NA,NA,NA,NA,21644
阿克苏上海浦东,NA,NA,NA,NA,NA,NA,NA,NA,NA,21645
烟台鄂尔多斯,NA,NA,NA,NA,NA,NA,NA,NA,NA,24847
锡林浩特广州,NA,NA,NA,NA,NA,NA,NA,NA,NA,19457
延吉牡丹江,NA,NA,NA,NA,NA,NA,NA,NA,NA,18807
安庆重庆,NA,NA,NA,NA,NA,NA,NA,NA,NA,21652
上海浦东恩施,NA,NA,NA,NA,NA,NA,NA,NA,NA,24872
济南赣州,NA,NA,NA,NA,NA,NA,NA,NA,NA,20649
安顺海口,NA,NA,NA,NA,NA,NA,NA,NA,NA,21661
上海浦东库尔勒,NA,NA,NA,NA,NA,NA,NA,NA,NA,20654
阜阳大连,NA,NA,NA,NA,NA,NA,NA,NA,NA,18832
呼伦贝尔福州,NA,NA,NA,NA,NA,NA,NA,NA,NA,24912
北京首都徐州,NA,NA,NA,NA,NA,NA,NA,NA,NA,9481
阿拉善左旗嘉峪关,NA,NA,NA,NA,NA,NA,NA,NA,NA,21668
博鳌深圳,NA,NA,NA,NA,NA,NA,NA,NA,NA,23877
腾冲郑州,NA,NA,NA,NA,NA,NA,NA,NA,NA,19524
万州海口,NA,NA,NA,NA,NA,NA,NA,NA,NA,24949
南阳海口,NA,NA,NA,NA,NA,NA,NA,NA,NA,24956
北京首都万州,NA,NA,NA,NA,NA,NA,NA,NA,NA,9664
包头西宁,NA,NA,NA,NA,NA,NA,NA,NA,NA,21697
伊宁阿勒泰,NA,NA,NA,NA,NA,NA,NA,NA,NA,18897
张家口海口,NA,NA,NA,NA,NA,NA,NA,NA,NA,24987
毕节三亚,NA,NA,NA,NA,NA,NA,NA,NA,NA,21706
常州贵阳,NA,NA,NA,NA,NA,NA,NA,NA,NA,19847
通辽包头,NA,NA,NA,NA,NA,NA,NA,NA,NA,18914
哈尔滨邯郸,NA,NA,NA,NA,NA,NA,NA,NA,NA,24995
九江北京首都,NA,NA,NA,NA,NA,NA,NA,NA,NA,9764
恩施南京,NA,NA,NA,NA,NA,NA,NA,NA,NA,17596
武汉洛阳,NA,NA,NA,NA,NA,NA,NA,NA,NA,17602
大同武汉,NA,NA,NA,NA,NA,NA,NA,NA,NA,19872
南阳上海虹桥,NA,NA,NA,NA,NA,NA,NA,NA,NA,11586
上海虹桥南阳,NA,NA,NA,NA,NA,NA,NA,NA,NA,11586
烟台朝阳,NA,NA,NA,NA,NA,NA,NA,NA,NA,18952
天津赣州,NA,NA,NA,NA,NA,NA,NA,NA,NA,10033
二连浩特天津,NA,NA,NA,NA,NA,NA,NA,NA,NA,24009
迪庆北京南苑,NA,NA,NA,NA,NA,NA,NA,NA,NA,19888
广州荔波,NA,NA,NA,NA,NA,NA,NA,NA,NA,21782
北京首都衢州,NA,NA,NA,NA,NA,NA,NA,NA,NA,10362
北京南苑丽江,NA,NA,NA,NA,NA,NA,NA,NA,NA,23044
怀化上海虹桥,NA,NA,NA,NA,NA,NA,NA,NA,NA,17250
喀什杭州,NA,NA,NA,NA,NA,NA,NA,NA,NA,25094
北京南苑淮安,NA,NA,NA,NA,NA,NA,NA,NA,NA,25095
北京首都格尔木,NA,NA,NA,NA,NA,NA,NA,NA,NA,20110
上海浦东常德,NA,NA,NA,NA,NA,NA,NA,NA,NA,5595
二连浩特鄂尔多斯,NA,NA,NA,NA,NA,NA,NA,NA,NA,19025
济南呼伦贝尔,NA,NA,NA,NA,NA,NA,NA,NA,NA,25112
兴义北京首都,NA,NA,NA,NA,NA,NA,NA,NA,NA,11289
无锡呼伦贝尔,NA,NA,NA,NA,NA,NA,NA,NA,NA,25116
泉州呼伦贝尔,NA,NA,NA,NA,NA,NA,NA,NA,NA,25118
揭阳潮汕上海浦东,NA,NA,NA,NA,NA,NA,NA,NA,NA,11902
石家庄邯郸,NA,NA,NA,NA,NA,NA,NA,NA,NA,19059
郑州淮安,NA,NA,NA,NA,NA,NA,NA,NA,NA,21860
大庆三亚,NA,NA,NA,NA,NA,NA,NA,NA,NA,19979
大庆济南,NA,NA,NA,NA,NA,NA,NA,NA,NA,19981
克拉玛依哈密,NA,NA,NA,NA,NA,NA,NA,NA,NA,19092
武汉秦皇岛,NA,NA,NA,NA,NA,NA,NA,NA,NA,8707
秦皇岛武汉,NA,NA,NA,NA,NA,NA,NA,NA,NA,8707
上海浦东九江,NA,NA,NA,NA,NA,NA,NA,NA,NA,8708
郑州张家口,NA,NA,NA,NA,NA,NA,NA,NA,NA,21902
长春淮安,NA,NA,NA,NA,NA,NA,NA,NA,NA,21914
迪庆贵阳,NA,NA,NA,NA,NA,NA,NA,NA,NA,17861
贵阳常州,NA,NA,NA,NA,NA,NA,NA,NA,NA,19847
三亚毕节,NA,NA,NA,NA,NA,NA,NA,NA,NA,21706
深圳万州,NA,NA,NA,NA,NA,NA,NA,NA,NA,23448
西双版纳腾冲,NA,NA,NA,NA,NA,NA,NA,NA,NA,17871
丽江三亚,NA,NA,NA,NA,NA,NA,NA,NA,NA,17882
揭阳潮汕哈尔滨,NA,NA,NA,NA,NA,NA,NA,NA,NA,25173
万州贵阳,NA,NA,NA,NA,NA,NA,NA,NA,NA,19172
揭阳潮汕舟山,NA,NA,NA,NA,NA,NA,NA,NA,NA,25182
武汉石家庄,NA,NA,NA,NA,NA,NA,NA,NA,NA,8750
石家庄武汉,NA,NA,NA,NA,NA,NA,NA,NA,NA,8750
重庆满洲里,NA,NA,NA,NA,NA,NA,NA,NA,NA,22004
腾冲丽江,NA,NA,NA,NA,NA,NA,NA,NA,NA,19184
北京南苑汉中,NA,NA,NA,NA,NA,NA,NA,NA,NA,25199
南京连云港,NA,NA,NA,NA,NA,NA,NA,NA,NA,19188
威海临沂,NA,NA,NA,NA,NA,NA,NA,NA,NA,7582
洛阳厦门,NA,NA,NA,NA,NA,NA,NA,NA,NA,8778
阿尔山满洲里,NA,NA,NA,NA,NA,NA,NA,NA,NA,19209
威海西安,NA,NA,NA,NA,NA,NA,NA,NA,NA,21120
沈阳丹东,NA,NA,NA,NA,NA,NA,NA,NA,NA,16874
长沙荔波,NA,NA,NA,NA,NA,NA,NA,NA,NA,22061
扬州银川,NA,NA,NA,NA,NA,NA,NA,NA,NA,20444
漠河呼伦贝尔,NA,NA,NA,NA,NA,NA,NA,NA,NA,22641
长沙白山,NA,NA,NA,NA,NA,NA,NA,NA,NA,22070
泸州北京南苑,NA,NA,NA,NA,NA,NA,NA,NA,NA,7817
天津揭阳潮汕,NA,NA,NA,NA,NA,NA,NA,NA,NA,21157
宜春上海浦东,NA,NA,NA,NA,NA,NA,NA,NA,NA,23330
二连浩特北京南苑,NA,NA,NA,NA,NA,NA,NA,NA,NA,9313
厦门万州,NA,NA,NA,NA,NA,NA,NA,NA,NA,9326
北京首都秦皇岛,NA,NA,NA,NA,NA,NA,NA,NA,NA,16927
北京首都邯郸,NA,NA,NA,NA,NA,NA,NA,NA,NA,16947
成都白山,NA,NA,NA,NA,NA,NA,NA,NA,NA,22148
济宁包头,NA,NA,NA,NA,NA,NA,NA,NA,NA,19303
上海浦东鸡西,NA,NA,NA,NA,NA,NA,NA,NA,NA,25291
池州北京首都,NA,NA,NA,NA,NA,NA,NA,NA,NA,18118
石家庄九寨沟,NA,NA,NA,NA,NA,NA,NA,NA,NA,25293
南昌北海,NA,NA,NA,NA,NA,NA,NA,NA,NA,19333
拉萨康定,NA,NA,NA,NA,NA,NA,NA,NA,NA,25297
上海虹桥营口,NA,NA,NA,NA,NA,NA,NA,NA,NA,25708
南宁鄂尔多斯,NA,NA,NA,NA,NA,NA,NA,NA,NA,19997
济南北海,NA,NA,NA,NA,NA,NA,NA,NA,NA,19343
温州北海,NA,NA,NA,NA,NA,NA,NA,NA,NA,19344
景德镇南京,NA,NA,NA,NA,NA,NA,NA,NA,NA,18113
上海浦东延安,NA,NA,NA,NA,NA,NA,NA,NA,NA,8261
济宁无锡,NA,NA,NA,NA,NA,NA,NA,NA,NA,8929
洛阳三亚,NA,NA,NA,NA,NA,NA,NA,NA,NA,25515
烟台太原,NA,NA,NA,NA,NA,NA,NA,NA,NA,21274
大连运城,NA,NA,NA,NA,NA,NA,NA,NA,NA,22286
烟台乌鲁木齐,NA,NA,NA,NA,NA,NA,NA,NA,NA,21284
北京南苑长春,NA,NA,NA,NA,NA,NA,NA,NA,NA,8945
合肥连云港,NA,NA,NA,NA,NA,NA,NA,NA,NA,18164
黎平广州,NA,NA,NA,NA,NA,NA,NA,NA,NA,19385
敦煌库尔勒,NA,NA,NA,NA,NA,NA,NA,NA,NA,22300
宜昌宜宾,NA,NA,NA,NA,NA,NA,NA,NA,NA,8964
鄂尔多斯海口,NA,NA,NA,NA,NA,NA,NA,NA,NA,22320
朝阳沈阳,NA,NA,NA,NA,NA,NA,NA,NA,NA,18951
鄂尔多斯济南,NA,NA,NA,NA,NA,NA,NA,NA,NA,22334
鄂尔多斯武汉,NA,NA,NA,NA,NA,NA,NA,NA,NA,22337
中卫西宁,NA,NA,NA,NA,NA,NA,NA,NA,NA,21329
额济纳旗嘉峪关,NA,NA,NA,NA,NA,NA,NA,NA,NA,22357
恩施昆明,NA,NA,NA,NA,NA,NA,NA,NA,NA,22361
通辽广州,NA,NA,NA,NA,NA,NA,NA,NA,NA,19438
临沂桂林,NA,NA,NA,NA,NA,NA,NA,NA,NA,25420
哈尔滨东营,NA,NA,NA,NA,NA,NA,NA,NA,NA,8716
武汉晋江,NA,NA,NA,NA,NA,NA,NA,NA,NA,2237
满洲里乌兰浩特,NA,NA,NA,NA,NA,NA,NA,NA,NA,17140
福州延吉,NA,NA,NA,NA,NA,NA,NA,NA,NA,22412
上海虹桥漠河,NA,NA,NA,NA,NA,NA,NA,NA,NA,20992
运城兰州,NA,NA,NA,NA,NA,NA,NA,NA,NA,25438
泉州武夷山,NA,NA,NA,NA,NA,NA,NA,NA,NA,18330
海口榆林,NA,NA,NA,NA,NA,NA,NA,NA,NA,10322
贵阳台州,NA,NA,NA,NA,NA,NA,NA,NA,NA,8996
台州贵阳,NA,NA,NA,NA,NA,NA,NA,NA,NA,8996
海口凯里,NA,NA,NA,NA,NA,NA,NA,NA,NA,22448
海口六盘水,NA,NA,NA,NA,NA,NA,NA,NA,NA,22454
西宁太原,NA,NA,NA,NA,NA,NA,NA,NA,NA,9019
贵阳赣州,NA,NA,NA,NA,NA,NA,NA,NA,NA,18085
石家庄张家界,NA,NA,NA,NA,NA,NA,NA,NA,NA,17252
上海虹桥广元,NA,NA,NA,NA,NA,NA,NA,NA,NA,22430
呼伦贝尔武汉,NA,NA,NA,NA,NA,NA,NA,NA,NA,20341
上海浦东六盘水,NA,NA,NA,NA,NA,NA,NA,NA,NA,25496
黑河北京南苑,NA,NA,NA,NA,NA,NA,NA,NA,NA,22500
杭州佳木斯,NA,NA,NA,NA,NA,NA,NA,NA,NA,9047
无锡佛山,NA,NA,NA,NA,NA,NA,NA,NA,NA,17285
杭州呼伦贝尔,NA,NA,NA,NA,NA,NA,NA,NA,NA,22561
青岛洛阳,NA,NA,NA,NA,NA,NA,NA,NA,NA,9077
乌兰浩特呼伦贝尔,NA,NA,NA,NA,NA,NA,NA,NA,NA,23722
烟台南昌,NA,NA,NA,NA,NA,NA,NA,NA,NA,9079
武汉义乌,NA,NA,NA,NA,NA,NA,NA,NA,NA,9812
中卫上海虹桥,NA,NA,NA,NA,NA,NA,NA,NA,NA,23337
邯郸北京首都,NA,NA,NA,NA,NA,NA,NA,NA,NA,16947
杭州白山,NA,NA,NA,NA,NA,NA,NA,NA,NA,22592
邯郸重庆,NA,NA,NA,NA,NA,NA,NA,NA,NA,19619
重庆通辽,NA,NA,NA,NA,NA,NA,NA,NA,NA,24598
杭州唐山,NA,NA,NA,NA,NA,NA,NA,NA,NA,22606
北京南苑梅州,NA,NA,NA,NA,NA,NA,NA,NA,NA,25570
鄂尔多斯杭州,NA,NA,NA,NA,NA,NA,NA,NA,NA,10409
舟山海口,NA,NA,NA,NA,NA,NA,NA,NA,NA,18519
北京首都毕节,NA,NA,NA,NA,NA,NA,NA,NA,NA,19323
长沙迪庆,NA,NA,NA,NA,NA,NA,NA,NA,NA,24634
长沙大庆,NA,NA,NA,NA,NA,NA,NA,NA,NA,24641
北京南苑阿克苏,NA,NA,NA,NA,NA,NA,NA,NA,NA,21644
张掖重庆,NA,NA,NA,NA,NA,NA,NA,NA,NA,19678
中甸昆明,NA,NA,NA,NA,NA,NA,NA,NA,NA,16875
上海虹桥吕梁,NA,NA,NA,NA,NA,NA,NA,NA,NA,25493
揭阳潮汕贵阳,NA,NA,NA,NA,NA,NA,NA,NA,NA,9144
上海虹桥梅州,NA,NA,NA,NA,NA,NA,NA,NA,NA,25567
加格达奇北京南苑,NA,NA,NA,NA,NA,NA,NA,NA,NA,20454
通辽长沙,NA,NA,NA,NA,NA,NA,NA,NA,NA,19727
武夷山长沙,NA,NA,NA,NA,NA,NA,NA,NA,NA,19736
哈密兰州,NA,NA,NA,NA,NA,NA,NA,NA,NA,22659
成都呼伦贝尔,NA,NA,NA,NA,NA,NA,NA,NA,NA,24728
西双版纳南昌,NA,NA,NA,NA,NA,NA,NA,NA,NA,20469
哈尔滨泉州,NA,NA,NA,NA,NA,NA,NA,NA,NA,22668
揭阳潮汕南京,NA,NA,NA,NA,NA,NA,NA,NA,NA,55
青阳成都,NA,NA,NA,NA,NA,NA,NA,NA,NA,19778
兴义深圳,NA,NA,NA,NA,NA,NA,NA,NA,NA,9188
南京揭阳潮汕,NA,NA,NA,NA,NA,NA,NA,NA,NA,55
阿里成都,NA,NA,NA,NA,NA,NA,NA,NA,NA,19796
北京首都惠州,NA,NA,NA,NA,NA,NA,NA,NA,NA,22719
盐城海口,NA,NA,NA,NA,NA,NA,NA,NA,NA,22494
义乌贵阳,NA,NA,NA,NA,NA,NA,NA,NA,NA,9203
喀什北京南苑,NA,NA,NA,NA,NA,NA,NA,NA,NA,25301
北京南苑黑河,NA,NA,NA,NA,NA,NA,NA,NA,NA,22500
北京南苑漠河,NA,NA,NA,NA,NA,NA,NA,NA,NA,20991
长春呼伦贝尔,NA,NA,NA,NA,NA,NA,NA,NA,NA,18667
三亚大同,NA,NA,NA,NA,NA,NA,NA,NA,NA,19869
银川拉萨,NA,NA,NA,NA,NA,NA,NA,NA,NA,22739
深圳大同,NA,NA,NA,NA,NA,NA,NA,NA,NA,19870
南阳武汉,NA,NA,NA,NA,NA,NA,NA,NA,NA,17603
嘉峪关南京,NA,NA,NA,NA,NA,NA,NA,NA,NA,22771
嘉峪关上海浦东,NA,NA,NA,NA,NA,NA,NA,NA,NA,22774
烟台丹东,NA,NA,NA,NA,NA,NA,NA,NA,NA,19885
西双版纳北京南苑,NA,NA,NA,NA,NA,NA,NA,NA,NA,22783
杭州迪庆,NA,NA,NA,NA,NA,NA,NA,NA,NA,19886
北京首都汉中,NA,NA,NA,NA,NA,NA,NA,NA,NA,25199
大庆伊春,NA,NA,NA,NA,NA,NA,NA,NA,NA,18719
三亚淮安,NA,NA,NA,NA,NA,NA,NA,NA,NA,22631
北京首都金昌,NA,NA,NA,NA,NA,NA,NA,NA,NA,25257
呼和浩特秦皇岛,NA,NA,NA,NA,NA,NA,NA,NA,NA,17030
北京南苑九江,NA,NA,NA,NA,NA,NA,NA,NA,NA,9764
阿尔山北京首都,NA,NA,NA,NA,NA,NA,NA,NA,NA,25664
昆明中甸,NA,NA,NA,NA,NA,NA,NA,NA,NA,16875
晋江福州,NA,NA,NA,NA,NA,NA,NA,NA,NA,16882
西安呼伦贝尔,NA,NA,NA,NA,NA,NA,NA,NA,NA,22644
青岛呼伦贝尔,NA,NA,NA,NA,NA,NA,NA,NA,NA,22647
厦门铜仁,NA,NA,NA,NA,NA,NA,NA,NA,NA,25856
烟台北京南苑,NA,NA,NA,NA,NA,NA,NA,NA,NA,11778
北京南苑黔江,NA,NA,NA,NA,NA,NA,NA,NA,NA,9777
黔江北京南苑,NA,NA,NA,NA,NA,NA,NA,NA,NA,9777
齐齐哈尔沈阳,NA,NA,NA,NA,NA,NA,NA,NA,NA,18809
南昌西宁,NA,NA,NA,NA,NA,NA,NA,NA,NA,22875
九寨沟郑州,NA,NA,NA,NA,NA,NA,NA,NA,NA,21868
淮安郑州,NA,NA,NA,NA,NA,NA,NA,NA,NA,21860
宁波池州,NA,NA,NA,NA,NA,NA,NA,NA,NA,24094
桂林上海虹桥,NA,NA,NA,NA,NA,NA,NA,NA,NA,1620
福州呼伦贝尔,NA,NA,NA,NA,NA,NA,NA,NA,NA,24912
扬州郑州,NA,NA,NA,NA,NA,NA,NA,NA,NA,21901
贵阳鄂尔多斯,NA,NA,NA,NA,NA,NA,NA,NA,NA,19993
赣州武汉,NA,NA,NA,NA,NA,NA,NA,NA,NA,22937
上海虹桥呼伦贝尔,NA,NA,NA,NA,NA,NA,NA,NA,NA,10831
海口万州,NA,NA,NA,NA,NA,NA,NA,NA,NA,24949
沈阳安顺,NA,NA,NA,NA,NA,NA,NA,NA,NA,18888
海口汉中,NA,NA,NA,NA,NA,NA,NA,NA,NA,24961
乌海天津,NA,NA,NA,NA,NA,NA,NA,NA,NA,21247
北京南苑朝阳,NA,NA,NA,NA,NA,NA,NA,NA,NA,21944
格尔木北京首都,NA,NA,NA,NA,NA,NA,NA,NA,NA,20110
上海浦东青阳,NA,NA,NA,NA,NA,NA,NA,NA,NA,20531
沈阳牡丹江,NA,NA,NA,NA,NA,NA,NA,NA,NA,24151
北京南苑宜宾,NA,NA,NA,NA,NA,NA,NA,NA,NA,68
文山南宁,NA,NA,NA,NA,NA,NA,NA,NA,NA,24167
满洲里重庆,NA,NA,NA,NA,NA,NA,NA,NA,NA,22004
赤峰大连,NA,NA,NA,NA,NA,NA,NA,NA,NA,12424
榆林昆明,NA,NA,NA,NA,NA,NA,NA,NA,NA,13190
呼和浩特邯郸,NA,NA,NA,NA,NA,NA,NA,NA,NA,17022
宁波上海虹桥,NA,NA,NA,NA,NA,NA,NA,NA,NA,12047
青岛敦煌,NA,NA,NA,NA,NA,NA,NA,NA,NA,24826
南京上海虹桥,NA,NA,NA,NA,NA,NA,NA,NA,NA,12049
朝阳烟台,NA,NA,NA,NA,NA,NA,NA,NA,NA,18952
长沙恩施,NA,NA,NA,NA,NA,NA,NA,NA,NA,17381
南宁揭阳潮汕,NA,NA,NA,NA,NA,NA,NA,NA,NA,9413
丽江北京南苑,NA,NA,NA,NA,NA,NA,NA,NA,NA,23044
襄樊上海虹桥,NA,NA,NA,NA,NA,NA,NA,NA,NA,2798
北京南苑格尔木,NA,NA,NA,NA,NA,NA,NA,NA,NA,20110
晋江武汉,NA,NA,NA,NA,NA,NA,NA,NA,NA,2237
南阳郑州,NA,NA,NA,NA,NA,NA,NA,NA,NA,21370
上海虹桥达州,NA,NA,NA,NA,NA,NA,NA,NA,NA,13000
杭州固原,NA,NA,NA,NA,NA,NA,NA,NA,NA,20117
景德镇北京南苑,NA,NA,NA,NA,NA,NA,NA,NA,NA,74
荔波南宁,NA,NA,NA,NA,NA,NA,NA,NA,NA,23061
鄂尔多斯锡林浩特,NA,NA,NA,NA,NA,NA,NA,NA,NA,19034
西宁海口,NA,NA,NA,NA,NA,NA,NA,NA,NA,20167
呼伦贝尔无锡,NA,NA,NA,NA,NA,NA,NA,NA,NA,25116
呼伦贝尔泉州,NA,NA,NA,NA,NA,NA,NA,NA,NA,25118
呼伦贝尔深圳,NA,NA,NA,NA,NA,NA,NA,NA,NA,25120
南京邯郸,NA,NA,NA,NA,NA,NA,NA,NA,NA,20179
厦门邯郸,NA,NA,NA,NA,NA,NA,NA,NA,NA,20183
北京南苑连城,NA,NA,NA,NA,NA,NA,NA,NA,NA,20718
博鳌珠海,NA,NA,NA,NA,NA,NA,NA,NA,NA,23878
北京南苑昭通,NA,NA,NA,NA,NA,NA,NA,NA,NA,25683
烟台黑河,NA,NA,NA,NA,NA,NA,NA,NA,NA,20188
北京南苑普洱,NA,NA,NA,NA,NA,NA,NA,NA,NA,25689
九江成都,NA,NA,NA,NA,NA,NA,NA,NA,NA,7894
满洲里大连,NA,NA,NA,NA,NA,NA,NA,NA,NA,22264
揭阳潮汕大连,NA,NA,NA,NA,NA,NA,NA,NA,NA,22269
北京首都襄樊,NA,NA,NA,NA,NA,NA,NA,NA,NA,1716
揭阳潮汕呼和浩特,NA,NA,NA,NA,NA,NA,NA,NA,NA,20209
井冈山杭州,NA,NA,NA,NA,NA,NA,NA,NA,NA,81
上海虹桥台州,NA,NA,NA,NA,NA,NA,NA,NA,NA,5127
九寨沟绵阳,NA,NA,NA,NA,NA,NA,NA,NA,NA,19141
杭州井冈山,NA,NA,NA,NA,NA,NA,NA,NA,NA,81
上海浦东九寨沟,NA,NA,NA,NA,NA,NA,NA,NA,NA,13542
南京通辽,NA,NA,NA,NA,NA,NA,NA,NA,NA,23196
邦达拉萨,NA,NA,NA,NA,NA,NA,NA,NA,NA,16851
广州揭阳潮汕,NA,NA,NA,NA,NA,NA,NA,NA,NA,16854
南宁义乌,NA,NA,NA,NA,NA,NA,NA,NA,NA,23232
满洲里合肥,NA,NA,NA,NA,NA,NA,NA,NA,NA,20235
运城合肥,NA,NA,NA,NA,NA,NA,NA,NA,NA,20250
重庆成都,NA,NA,NA,NA,NA,NA,NA,NA,NA,16862
满洲里厦门,NA,NA,NA,NA,NA,NA,NA,NA,NA,23253
北京南苑攀枝花,NA,NA,NA,NA,NA,NA,NA,NA,NA,23256
重庆万州,NA,NA,NA,NA,NA,NA,NA,NA,NA,16867
腾冲杭州,NA,NA,NA,NA,NA,NA,NA,NA,NA,20289
银川吐鲁番,NA,NA,NA,NA,NA,NA,NA,NA,NA,25219
无锡牡丹江,NA,NA,NA,NA,NA,NA,NA,NA,NA,20853
上海虹桥临汾,NA,NA,NA,NA,NA,NA,NA,NA,NA,25437
延吉福州,NA,NA,NA,NA,NA,NA,NA,NA,NA,22412
北京首都九寨沟,NA,NA,NA,NA,NA,NA,NA,NA,NA,2763
宜昌绵阳,NA,NA,NA,NA,NA,NA,NA,NA,NA,20872
上海浦东乌海,NA,NA,NA,NA,NA,NA,NA,NA,NA,23321
上海虹桥秦皇岛,NA,NA,NA,NA,NA,NA,NA,NA,NA,7123
呼伦贝尔海口,NA,NA,NA,NA,NA,NA,NA,NA,NA,22441
揭阳潮汕乌鲁木齐,NA,NA,NA,NA,NA,NA,NA,NA,NA,21159
且末乌鲁木齐,NA,NA,NA,NA,NA,NA,NA,NA,NA,16902
晋江武夷山,NA,NA,NA,NA,NA,NA,NA,NA,NA,16906
南京呼伦贝尔,NA,NA,NA,NA,NA,NA,NA,NA,NA,20330
秦皇岛呼伦贝尔,NA,NA,NA,NA,NA,NA,NA,NA,NA,20334
鸡西北京南苑,NA,NA,NA,NA,NA,NA,NA,NA,NA,25289
武汉呼伦贝尔,NA,NA,NA,NA,NA,NA,NA,NA,NA,20341
临沂潍坊,NA,NA,NA,NA,NA,NA,NA,NA,NA,16922
宁波温州,NA,NA,NA,NA,NA,NA,NA,NA,NA,16924
三亚满洲里,NA,NA,NA,NA,NA,NA,NA,NA,NA,20987
三亚唐山,NA,NA,NA,NA,NA,NA,NA,NA,NA,23415
上海虹桥锡林浩特,NA,NA,NA,NA,NA,NA,NA,NA,NA,21063
库尔勒且末,NA,NA,NA,NA,NA,NA,NA,NA,NA,19117
上海虹桥大连,NA,NA,NA,NA,NA,NA,NA,NA,NA,8188
康定杭州,NA,NA,NA,NA,NA,NA,NA,NA,NA,22572
济宁温州,NA,NA,NA,NA,NA,NA,NA,NA,NA,18446
长治武汉,NA,NA,NA,NA,NA,NA,NA,NA,NA,17002
无锡舟山,NA,NA,NA,NA,NA,NA,NA,NA,NA,20397
上海浦东和田,NA,NA,NA,NA,NA,NA,NA,NA,NA,20400
白山杭州,NA,NA,NA,NA,NA,NA,NA,NA,NA,22592
满洲里杭州,NA,NA,NA,NA,NA,NA,NA,NA,NA,22595
银川台州,NA,NA,NA,NA,NA,NA,NA,NA,NA,20402
柳州杭州,NA,NA,NA,NA,NA,NA,NA,NA,NA,10148
北京首都呼伦贝尔,NA,NA,NA,NA,NA,NA,NA,NA,NA,5373
黄山太原,NA,NA,NA,NA,NA,NA,NA,NA,NA,23511
邯郸秦皇岛,NA,NA,NA,NA,NA,NA,NA,NA,NA,17023
厦门满洲里,NA,NA,NA,NA,NA,NA,NA,NA,NA,23253
延吉北京南苑,NA,NA,NA,NA,NA,NA,NA,NA,NA,14562
吐鲁番西安,NA,NA,NA,NA,NA,NA,NA,NA,NA,21114
哈密北京南苑,NA,NA,NA,NA,NA,NA,NA,NA,NA,12115
九江北京南苑,NA,NA,NA,NA,NA,NA,NA,NA,NA,9764
腾冲广州,NA,NA,NA,NA,NA,NA,NA,NA,NA,21810
成都锦州,NA,NA,NA,NA,NA,NA,NA,NA,NA,1
青岛巴彦淖尔,NA,NA,NA,NA,NA,NA,NA,NA,NA,23300
天津巴彦淖尔,NA,NA,NA,NA,NA,NA,NA,NA,NA,23301
舟山上海虹桥,NA,NA,NA,NA,NA,NA,NA,NA,NA,9743
阿拉善右旗嘉峪关,NA,NA,NA,NA,NA,NA,NA,NA,NA,20458
乌海上海浦东,NA,NA,NA,NA,NA,NA,NA,NA,NA,23321
张家界淮安,NA,NA,NA,NA,NA,NA,NA,NA,NA,24860
常德成都,NA,NA,NA,NA,NA,NA,NA,NA,NA,19469
太原西双版纳,NA,NA,NA,NA,NA,NA,NA,NA,NA,20476
泉州哈尔滨,NA,NA,NA,NA,NA,NA,NA,NA,NA,22668
长治上海虹桥,NA,NA,NA,NA,NA,NA,NA,NA,NA,10142
榆林深圳,NA,NA,NA,NA,NA,NA,NA,NA,NA,21196
兰州柳州,NA,NA,NA,NA,NA,NA,NA,NA,NA,25456
西宁哈尔滨,NA,NA,NA,NA,NA,NA,NA,NA,NA,22701
海口宜宾,NA,NA,NA,NA,NA,NA,NA,NA,NA,18638
潍坊上海虹桥,NA,NA,NA,NA,NA,NA,NA,NA,NA,10579
库尔勒库车,NA,NA,NA,NA,NA,NA,NA,NA,NA,18649
毕节北京首都,NA,NA,NA,NA,NA,NA,NA,NA,NA,19323
邯郸北京南苑,NA,NA,NA,NA,NA,NA,NA,NA,NA,16947
上海虹桥济宁,NA,NA,NA,NA,NA,NA,NA,NA,NA,11182
景德镇武汉,NA,NA,NA,NA,NA,NA,NA,NA,NA,18112
丽江临沂,NA,NA,NA,NA,NA,NA,NA,NA,NA,20750
无锡天津,NA,NA,NA,NA,NA,NA,NA,NA,NA,21249
上海虹桥吉林,NA,NA,NA,NA,NA,NA,NA,NA,NA,1856
呼和浩特洛阳,NA,NA,NA,NA,NA,NA,NA,NA,NA,20201
厦门青阳,NA,NA,NA,NA,NA,NA,NA,NA,NA,20533
广州东营,NA,NA,NA,NA,NA,NA,NA,NA,NA,17317
深圳九寨沟,NA,NA,NA,NA,NA,NA,NA,NA,NA,20546
赤峰昆明,NA,NA,NA,NA,NA,NA,NA,NA,NA,19591
北京南苑西双版纳,NA,NA,NA,NA,NA,NA,NA,NA,NA,22783
牡丹江天津,NA,NA,NA,NA,NA,NA,NA,NA,NA,25548
武汉延安,NA,NA,NA,NA,NA,NA,NA,NA,NA,20047
宜昌乌海,NA,NA,NA,NA,NA,NA,NA,NA,NA,21298
武夷山武汉,NA,NA,NA,NA,NA,NA,NA,NA,NA,21299
上海浦东南通,NA,NA,NA,NA,NA,NA,NA,NA,NA,18232
长沙柳州,NA,NA,NA,NA,NA,NA,NA,NA,NA,17378
烟台无锡,NA,NA,NA,NA,NA,NA,NA,NA,NA,21315
揭阳潮汕昆明,NA,NA,NA,NA,NA,NA,NA,NA,NA,11534
惠州北京首都,NA,NA,NA,NA,NA,NA,NA,NA,NA,22719
永州广州,NA,NA,NA,NA,NA,NA,NA,NA,NA,19408
秦皇岛昆明,NA,NA,NA,NA,NA,NA,NA,NA,NA,20609
通辽昆明,NA,NA,NA,NA,NA,NA,NA,NA,NA,20616
丹东大连,NA,NA,NA,NA,NA,NA,NA,NA,NA,19002
林芝北京首都,NA,NA,NA,NA,NA,NA,NA,NA,NA,23126
重庆中卫,NA,NA,NA,NA,NA,NA,NA,NA,NA,19681
桂林柳州,NA,NA,NA,NA,NA,NA,NA,NA,NA,17421
石家庄赣州,NA,NA,NA,NA,NA,NA,NA,NA,NA,20648
西宁南昌,NA,NA,NA,NA,NA,NA,NA,NA,NA,22875
新源乌鲁木齐,NA,NA,NA,NA,NA,NA,NA,NA,NA,23823
长沙通辽,NA,NA,NA,NA,NA,NA,NA,NA,NA,19727
石家庄库尔勒,NA,NA,NA,NA,NA,NA,NA,NA,NA,20656
北京南苑克拉玛依,NA,NA,NA,NA,NA,NA,NA,NA,NA,20657
连城上海虹桥,NA,NA,NA,NA,NA,NA,NA,NA,NA,13660
博鳌广州,NA,NA,NA,NA,NA,NA,NA,NA,NA,23876
黄山桂林,NA,NA,NA,NA,NA,NA,NA,NA,NA,18361
鄂尔多斯南昌,NA,NA,NA,NA,NA,NA,NA,NA,NA,10349
潍坊南京,NA,NA,NA,NA,NA,NA,NA,NA,NA,18377
毕节西双版纳,NA,NA,NA,NA,NA,NA,NA,NA,NA,23883
海口张家界,NA,NA,NA,NA,NA,NA,NA,NA,NA,17261
柳州丽江,NA,NA,NA,NA,NA,NA,NA,NA,NA,20751
无锡郑州,NA,NA,NA,NA,NA,NA,NA,NA,NA,18399
青岛丽江,NA,NA,NA,NA,NA,NA,NA,NA,NA,20762
成都延吉,NA,NA,NA,NA,NA,NA,NA,NA,NA,19833
延安上海虹桥,NA,NA,NA,NA,NA,NA,NA,NA,NA,8261
北京南苑永州,NA,NA,NA,NA,NA,NA,NA,NA,NA,20772
杭州黔江,NA,NA,NA,NA,NA,NA,NA,NA,NA,22566
杭州康定,NA,NA,NA,NA,NA,NA,NA,NA,NA,22572
上海浦东万州,NA,NA,NA,NA,NA,NA,NA,NA,NA,25718
大同深圳,NA,NA,NA,NA,NA,NA,NA,NA,NA,19870
上海浦东德宏,NA,NA,NA,NA,NA,NA,NA,NA,NA,20779
上海浦东普洱,NA,NA,NA,NA,NA,NA,NA,NA,NA,25730
盐城上海浦东,NA,NA,NA,NA,NA,NA,NA,NA,NA,21599
东营天津,NA,NA,NA,NA,NA,NA,NA,NA,NA,23999
太原拉萨,NA,NA,NA,NA,NA,NA,NA,NA,NA,20789
迪庆杭州,NA,NA,NA,NA,NA,NA,NA,NA,NA,19886
恩施长沙,NA,NA,NA,NA,NA,NA,NA,NA,NA,17381
迪庆上海浦东,NA,NA,NA,NA,NA,NA,NA,NA,NA,19889
揭阳潮汕西宁,NA,NA,NA,NA,NA,NA,NA,NA,NA,25791
银川洛阳,NA,NA,NA,NA,NA,NA,NA,NA,NA,25204
上海虹桥神农架,NA,NA,NA,NA,NA,NA,NA,NA,NA,25133
三亚牡丹江,NA,NA,NA,NA,NA,NA,NA,NA,NA,20848
上海浦东阿克苏,NA,NA,NA,NA,NA,NA,NA,NA,NA,21645
万州杭州,NA,NA,NA,NA,NA,NA,NA,NA,NA,20297
中卫重庆,NA,NA,NA,NA,NA,NA,NA,NA,NA,19681
温州绵阳,NA,NA,NA,NA,NA,NA,NA,NA,NA,20868
呼伦贝尔西安,NA,NA,NA,NA,NA,NA,NA,NA,NA,22644
西安荔波,NA,NA,NA,NA,NA,NA,NA,NA,NA,23063
北京南苑六盘水,NA,NA,NA,NA,NA,NA,NA,NA,NA,23069
哈密上海虹桥,NA,NA,NA,NA,NA,NA,NA,NA,NA,20348
贵阳荔波,NA,NA,NA,NA,NA,NA,NA,NA,NA,18595
大庆南京,NA,NA,NA,NA,NA,NA,NA,NA,NA,19974
腾冲南宁,NA,NA,NA,NA,NA,NA,NA,NA,NA,20951
湛江揭阳潮汕,NA,NA,NA,NA,NA,NA,NA,NA,NA,17476
南京淮安,NA,NA,NA,NA,NA,NA,NA,NA,NA,19086
延安成都,NA,NA,NA,NA,NA,NA,NA,NA,NA,17838
榆林绵阳,NA,NA,NA,NA,NA,NA,NA,NA,NA,17845
凯里南宁,NA,NA,NA,NA,NA,NA,NA,NA,NA,24107
昆明荔波,NA,NA,NA,NA,NA,NA,NA,NA,NA,24108
普洱北京南苑,NA,NA,NA,NA,NA,NA,NA,NA,NA,25689
上海虹桥西昌,NA,NA,NA,NA,NA,NA,NA,NA,NA,21062
康定拉萨,NA,NA,NA,NA,NA,NA,NA,NA,NA,25297
上海虹桥唐山,NA,NA,NA,NA,NA,NA,NA,NA,NA,8109
延吉成都,NA,NA,NA,NA,NA,NA,NA,NA,NA,19833
北海济南,NA,NA,NA,NA,NA,NA,NA,NA,NA,19343
宜昌温州,NA,NA,NA,NA,NA,NA,NA,NA,NA,18438
抚远上海虹桥,NA,NA,NA,NA,NA,NA,NA,NA,NA,22423
丽江厦门,NA,NA,NA,NA,NA,NA,NA,NA,NA,17885
北京南苑南充,NA,NA,NA,NA,NA,NA,NA,NA,NA,10137
南充北京南苑,NA,NA,NA,NA,NA,NA,NA,NA,NA,10137
南宁铜仁,NA,NA,NA,NA,NA,NA,NA,NA,NA,24166
南宁文山,NA,NA,NA,NA,NA,NA,NA,NA,NA,24167
天津东营,NA,NA,NA,NA,NA,NA,NA,NA,NA,23999
阿尔山沈阳,NA,NA,NA,NA,NA,NA,NA,NA,NA,21099
北京南苑日照,NA,NA,NA,NA,NA,NA,NA,NA,NA,24174
成都重庆,NA,NA,NA,NA,NA,NA,NA,NA,NA,16862
贵阳腾冲,NA,NA,NA,NA,NA,NA,NA,NA,NA,25383
通辽西安,NA,NA,NA,NA,NA,NA,NA,NA,NA,21113
白山上海虹桥,NA,NA,NA,NA,NA,NA,NA,NA,NA,9140
广州衢州,NA,NA,NA,NA,NA,NA,NA,NA,NA,19397
石家庄北京南苑,NA,NA,NA,NA,NA,NA,NA,NA,NA,19212
贵阳拉萨,NA,NA,NA,NA,NA,NA,NA,NA,NA,25403
伊宁北京南苑,NA,NA,NA,NA,NA,NA,NA,NA,NA,23288
西宁中卫,NA,NA,NA,NA,NA,NA,NA,NA,NA,21329
武汉达州,NA,NA,NA,NA,NA,NA,NA,NA,NA,18578
铜仁上海浦东,NA,NA,NA,NA,NA,NA,NA,NA,NA,23311
牡丹江哈尔滨,NA,NA,NA,NA,NA,NA,NA,NA,NA,16895
牡丹江威海,NA,NA,NA,NA,NA,NA,NA,NA,NA,18803
上海浦东乌兰浩特,NA,NA,NA,NA,NA,NA,NA,NA,NA,22656
青岛舟山,NA,NA,NA,NA,NA,NA,NA,NA,NA,24070
南京大庆,NA,NA,NA,NA,NA,NA,NA,NA,NA,19974
武夷山晋江,NA,NA,NA,NA,NA,NA,NA,NA,NA,16906
通辽深圳,NA,NA,NA,NA,NA,NA,NA,NA,NA,21189
海口常州,NA,NA,NA,NA,NA,NA,NA,NA,NA,24740
安顺青岛,NA,NA,NA,NA,NA,NA,NA,NA,NA,24272
绵阳榆林,NA,NA,NA,NA,NA,NA,NA,NA,NA,17845
井冈山郑州,NA,NA,NA,NA,NA,NA,NA,NA,NA,18074
义乌青岛,NA,NA,NA,NA,NA,NA,NA,NA,NA,21226
北京首都石家庄,NA,NA,NA,NA,NA,NA,NA,NA,NA,19212
淮安长春,NA,NA,NA,NA,NA,NA,NA,NA,NA,21914
海口荔波,NA,NA,NA,NA,NA,NA,NA,NA,NA,24932
遵义北京南苑,NA,NA,NA,NA,NA,NA,NA,NA,NA,16988
德宏西双版纳,NA,NA,NA,NA,NA,NA,NA,NA,NA,17866
万州深圳,NA,NA,NA,NA,NA,NA,NA,NA,NA,23448
上海虹桥十堰,NA,NA,NA,NA,NA,NA,NA,NA,NA,25715
上海虹桥忻州,NA,NA,NA,NA,NA,NA,NA,NA,NA,25714
北京南苑青阳,NA,NA,NA,NA,NA,NA,NA,NA,NA,20530
成都康定,NA,NA,NA,NA,NA,NA,NA,NA,NA,12248
临沂三亚,NA,NA,NA,NA,NA,NA,NA,NA,NA,18140
石家庄鄂尔多斯,NA,NA,NA,NA,NA,NA,NA,NA,NA,17010
通辽上海虹桥,NA,NA,NA,NA,NA,NA,NA,NA,NA,18192
海口大同,NA,NA,NA,NA,NA,NA,NA,NA,NA,17018
合肥台州,NA,NA,NA,NA,NA,NA,NA,NA,NA,18165
大理上海浦东,NA,NA,NA,NA,NA,NA,NA,NA,NA,22293
襄阳温州,NA,NA,NA,NA,NA,NA,NA,NA,NA,21291
秦皇岛邯郸,NA,NA,NA,NA,NA,NA,NA,NA,NA,17023
合肥邯郸,NA,NA,NA,NA,NA,NA,NA,NA,NA,17025
延吉武汉,NA,NA,NA,NA,NA,NA,NA,NA,NA,21306
青阳广州,NA,NA,NA,NA,NA,NA,NA,NA,NA,19396
上海虹桥黑河,NA,NA,NA,NA,NA,NA,NA,NA,NA,20185
重庆揭阳潮汕,NA,NA,NA,NA,NA,NA,NA,NA,NA,10773
上海虹桥襄樊,NA,NA,NA,NA,NA,NA,NA,NA,NA,2798
上海虹桥黎平,NA,NA,NA,NA,NA,NA,NA,NA,NA,20414
成都万州,NA,NA,NA,NA,NA,NA,NA,NA,NA,18995
乌海太原,NA,NA,NA,NA,NA,NA,NA,NA,NA,24229
上海虹桥延吉,NA,NA,NA,NA,NA,NA,NA,NA,NA,2846
文山广州,NA,NA,NA,NA,NA,NA,NA,NA,NA,19449
郑州呼伦贝尔,NA,NA,NA,NA,NA,NA,NA,NA,NA,24471
成都常德,NA,NA,NA,NA,NA,NA,NA,NA,NA,19469
上海虹桥林芝,NA,NA,NA,NA,NA,NA,NA,NA,NA,20842
荔波上海浦东,NA,NA,NA,NA,NA,NA,NA,NA,NA,23062
长沙百色,NA,NA,NA,NA,NA,NA,NA,NA,NA,17233
锡林浩特上海虹桥,NA,NA,NA,NA,NA,NA,NA,NA,NA,21063
武汉常德,NA,NA,NA,NA,NA,NA,NA,NA,NA,17240
呼伦贝尔鄂尔多斯,NA,NA,NA,NA,NA,NA,NA,NA,NA,21437
长春银川,NA,NA,NA,NA,NA,NA,NA,NA,NA,24500
衢州赣州,NA,NA,NA,NA,NA,NA,NA,NA,NA,18083
石家庄郑州,NA,NA,NA,NA,NA,NA,NA,NA,NA,19519
北京南苑铜仁,NA,NA,NA,NA,NA,NA,NA,NA,NA,25676
汉中北京首都,NA,NA,NA,NA,NA,NA,NA,NA,NA,25199
成都阿里,NA,NA,NA,NA,NA,NA,NA,NA,NA,19796
上海虹桥汉中,NA,NA,NA,NA,NA,NA,NA,NA,NA,22731
绵阳贵阳,NA,NA,NA,NA,NA,NA,NA,NA,NA,22946
北京首都阿尔山,NA,NA,NA,NA,NA,NA,NA,NA,NA,25664
三亚洛阳,NA,NA,NA,NA,NA,NA,NA,NA,NA,25515
济宁合肥,NA,NA,NA,NA,NA,NA,NA,NA,NA,23710
天津柳州,NA,NA,NA,NA,NA,NA,NA,NA,NA,25532
运城大连,NA,NA,NA,NA,NA,NA,NA,NA,NA,22286
北京南苑中卫,NA,NA,NA,NA,NA,NA,NA,NA,NA,13517
温州徐州,NA,NA,NA,NA,NA,NA,NA,NA,NA,18452
武汉南昌,NA,NA,NA,NA,NA,NA,NA,NA,NA,21535
秦皇岛北京首都,NA,NA,NA,NA,NA,NA,NA,NA,NA,16927
北京首都庆阳,NA,NA,NA,NA,NA,NA,NA,NA,NA,17740
武夷山合肥,NA,NA,NA,NA,NA,NA,NA,NA,NA,18171
三明上海虹桥,NA,NA,NA,NA,NA,NA,NA,NA,NA,24183
石家庄秦皇岛,NA,NA,NA,NA,NA,NA,NA,NA,NA,21602
义乌济南,NA,NA,NA,NA,NA,NA,NA,NA,NA,18509
武汉鄂尔多斯,NA,NA,NA,NA,NA,NA,NA,NA,NA,22337
义乌南京,NA,NA,NA,NA,NA,NA,NA,NA,NA,18511
连云港南京,NA,NA,NA,NA,NA,NA,NA,NA,NA,19188
上海虹桥义乌,NA,NA,NA,NA,NA,NA,NA,NA,NA,16929
天津恩施,NA,NA,NA,NA,NA,NA,NA,NA,NA,22365
满洲里阿尔山,NA,NA,NA,NA,NA,NA,NA,NA,NA,19209
牡丹江杭州,NA,NA,NA,NA,NA,NA,NA,NA,NA,20277
北京南苑腾冲,NA,NA,NA,NA,NA,NA,NA,NA,NA,23263
北京首都佛山,NA,NA,NA,NA,NA,NA,NA,NA,NA,20103
重庆安庆,NA,NA,NA,NA,NA,NA,NA,NA,NA,21652
泸州上海虹桥,NA,NA,NA,NA,NA,NA,NA,NA,NA,6988
赣州长沙,NA,NA,NA,NA,NA,NA,NA,NA,NA,19704
盐城桂林,NA,NA,NA,NA,NA,NA,NA,NA,NA,17440
北京首都永州,NA,NA,NA,NA,NA,NA,NA,NA,NA,20772
广州秦皇岛,NA,NA,NA,NA,NA,NA,NA,NA,NA,13759
珠海揭阳潮汕,NA,NA,NA,NA,NA,NA,NA,NA,NA,17474
桂林安顺,NA,NA,NA,NA,NA,NA,NA,NA,NA,23873
银川长春,NA,NA,NA,NA,NA,NA,NA,NA,NA,24500
绵阳宜宾,NA,NA,NA,NA,NA,NA,NA,NA,NA,18617
南充南京,NA,NA,NA,NA,NA,NA,NA,NA,NA,18618
北京南苑沈阳,NA,NA,NA,NA,NA,NA,NA,NA,NA,12681
梧州深圳,NA,NA,NA,NA,NA,NA,NA,NA,NA,17514
普洱上海虹桥,NA,NA,NA,NA,NA,NA,NA,NA,NA,25730
九寨沟石家庄,NA,NA,NA,NA,NA,NA,NA,NA,NA,25293
鄂尔多斯合肥,NA,NA,NA,NA,NA,NA,NA,NA,NA,19988
延吉哈尔滨,NA,NA,NA,NA,NA,NA,NA,NA,NA,19104
北京南苑林芝,NA,NA,NA,NA,NA,NA,NA,NA,NA,23126
上海虹桥榆林,NA,NA,NA,NA,NA,NA,NA,NA,NA,21055
海口南阳,NA,NA,NA,NA,NA,NA,NA,NA,NA,24956
呼伦贝尔杭州,NA,NA,NA,NA,NA,NA,NA,NA,NA,22561
宜昌恩施,NA,NA,NA,NA,NA,NA,NA,NA,NA,17595
大连鄂尔多斯,NA,NA,NA,NA,NA,NA,NA,NA,NA,24787
北京南苑保山,NA,NA,NA,NA,NA,NA,NA,NA,NA,21731
广州赤峰,NA,NA,NA,NA,NA,NA,NA,NA,NA,19353
宜昌武汉,NA,NA,NA,NA,NA,NA,NA,NA,NA,17605
上海虹桥九江,NA,NA,NA,NA,NA,NA,NA,NA,NA,8708
九江上海虹桥,NA,NA,NA,NA,NA,NA,NA,NA,NA,8708
黔江广州,NA,NA,NA,NA,NA,NA,NA,NA,NA,21767
北京首都衡阳,NA,NA,NA,NA,NA,NA,NA,NA,NA,25132
广州黎平,NA,NA,NA,NA,NA,NA,NA,NA,NA,19385
库尔勒济南,NA,NA,NA,NA,NA,NA,NA,NA,NA,25376
乌海宜昌,NA,NA,NA,NA,NA,NA,NA,NA,NA,21298
铜仁重庆,NA,NA,NA,NA,NA,NA,NA,NA,NA,16866
阜阳宁波,NA,NA,NA,NA,NA,NA,NA,NA,NA,20094
桂林贵阳,NA,NA,NA,NA,NA,NA,NA,NA,NA,11237
佛山南宁,NA,NA,NA,NA,NA,NA,NA,NA,NA,20102
无锡烟台,NA,NA,NA,NA,NA,NA,NA,NA,NA,21315
日照上海虹桥,NA,NA,NA,NA,NA,NA,NA,NA,NA,24182
上海虹桥三明,NA,NA,NA,NA,NA,NA,NA,NA,NA,24183
海口广元,NA,NA,NA,NA,NA,NA,NA,NA,NA,18581
宁波西双版纳,NA,NA,NA,NA,NA,NA,NA,NA,NA,25252
烟台呼伦贝尔,NA,NA,NA,NA,NA,NA,NA,NA,NA,22653
大庆牡丹江,NA,NA,NA,NA,NA,NA,NA,NA,NA,19024
兰州哈密,NA,NA,NA,NA,NA,NA,NA,NA,NA,22659
南京井冈山,NA,NA,NA,NA,NA,NA,NA,NA,NA,20463
大连邯郸,NA,NA,NA,NA,NA,NA,NA,NA,NA,18813
三亚大庆,NA,NA,NA,NA,NA,NA,NA,NA,NA,19979
伊春上海虹桥,NA,NA,NA,NA,NA,NA,NA,NA,NA,25435
济南大庆,NA,NA,NA,NA,NA,NA,NA,NA,NA,19981
北京南苑鸡西,NA,NA,NA,NA,NA,NA,NA,NA,NA,25289
乌鲁木齐榆林,NA,NA,NA,NA,NA,NA,NA,NA,NA,17846
荔波昆明,NA,NA,NA,NA,NA,NA,NA,NA,NA,24108
上海虹桥合肥,NA,NA,NA,NA,NA,NA,NA,NA,NA,1804
腾冲大理,NA,NA,NA,NA,NA,NA,NA,NA,NA,17855
合肥上海虹桥,NA,NA,NA,NA,NA,NA,NA,NA,NA,1804
珠海无锡,NA,NA,NA,NA,NA,NA,NA,NA,NA,25915
宁波张家界,NA,NA,NA,NA,NA,NA,NA,NA,NA,17268
三亚鄂尔多斯,NA,NA,NA,NA,NA,NA,NA,NA,NA,20002
丽江呼和浩特,NA,NA,NA,NA,NA,NA,NA,NA,NA,20200
通化深圳,NA,NA,NA,NA,NA,NA,NA,NA,NA,23437
武汉长治,NA,NA,NA,NA,NA,NA,NA,NA,NA,17002
拉萨银川,NA,NA,NA,NA,NA,NA,NA,NA,NA,22739
青岛青阳,NA,NA,NA,NA,NA,NA,NA,NA,NA,20532
牡丹江上海虹桥,NA,NA,NA,NA,NA,NA,NA,NA,NA,2068
桂林湛江,NA,NA,NA,NA,NA,NA,NA,NA,NA,23003
上海虹桥牡丹江,NA,NA,NA,NA,NA,NA,NA,NA,NA,2068
武夷山昆明,NA,NA,NA,NA,NA,NA,NA,NA,NA,17940
深圳恩施,NA,NA,NA,NA,NA,NA,NA,NA,NA,20044
日照北京南苑,NA,NA,NA,NA,NA,NA,NA,NA,NA,24174
哈密广州,NA,NA,NA,NA,NA,NA,NA,NA,NA,19381
九江广州,NA,NA,NA,NA,NA,NA,NA,NA,NA,19391
洛阳南昌,NA,NA,NA,NA,NA,NA,NA,NA,NA,20562
北京首都玉树,NA,NA,NA,NA,NA,NA,NA,NA,NA,21033
梅州北京南苑,NA,NA,NA,NA,NA,NA,NA,NA,NA,25570
济南凯里,NA,NA,NA,NA,NA,NA,NA,NA,NA,20588
上海虹桥哈密,NA,NA,NA,NA,NA,NA,NA,NA,NA,20348
景德镇安庆,NA,NA,NA,NA,NA,NA,NA,NA,NA,18014
满洲里广州,NA,NA,NA,NA,NA,NA,NA,NA,NA,19427
荔波长沙,NA,NA,NA,NA,NA,NA,NA,NA,NA,22061
潍坊天津,NA,NA,NA,NA,NA,NA,NA,NA,NA,17109
海口阜阳,NA,NA,NA,NA,NA,NA,NA,NA,NA,18049
上海虹桥青阳,NA,NA,NA,NA,NA,NA,NA,NA,NA,20531
上海浦东荔波,NA,NA,NA,NA,NA,NA,NA,NA,NA,23062
怀化北京南苑,NA,NA,NA,NA,NA,NA,NA,NA,NA,25104
连云港张家界,NA,NA,NA,NA,NA,NA,NA,NA,NA,24864
呼伦贝尔盐城,NA,NA,NA,NA,NA,NA,NA,NA,NA,25113
北京首都锦州,NA,NA,NA,NA,NA,NA,NA,NA,NA,836
连城福州,NA,NA,NA,NA,NA,NA,NA,NA,NA,18067
北京南苑景德镇,NA,NA,NA,NA,NA,NA,NA,NA,NA,74
上海虹桥锦州,NA,NA,NA,NA,NA,NA,NA,NA,NA,4045
嘉峪关敦煌,NA,NA,NA,NA,NA,NA,NA,NA,NA,23667
揭阳潮汕兰州,NA,NA,NA,NA,NA,NA,NA,NA,NA,25469
呼伦贝尔大庆,NA,NA,NA,NA,NA,NA,NA,NA,NA,23671
威海伊春,NA,NA,NA,NA,NA,NA,NA,NA,NA,20724
武汉赣州,NA,NA,NA,NA,NA,NA,NA,NA,NA,22937
万州北京首都,NA,NA,NA,NA,NA,NA,NA,NA,NA,9664
郑州扬州,NA,NA,NA,NA,NA,NA,NA,NA,NA,21901
林芝北京南苑,NA,NA,NA,NA,NA,NA,NA,NA,NA,23126
齐齐哈尔哈尔滨,NA,NA,NA,NA,NA,NA,NA,NA,NA,19100
上海虹桥长春,NA,NA,NA,NA,NA,NA,NA,NA,NA,4810
上海虹桥荔波,NA,NA,NA,NA,NA,NA,NA,NA,NA,23062
上海虹桥运城,NA,NA,NA,NA,NA,NA,NA,NA,NA,8228
漠河上海浦东,NA,NA,NA,NA,NA,NA,NA,NA,NA,20992
漠河天津,NA,NA,NA,NA,NA,NA,NA,NA,NA,20994
布尔津伊宁,NA,NA,NA,NA,NA,NA,NA,NA,NA,19150
白山武汉,NA,NA,NA,NA,NA,NA,NA,NA,NA,23164
库尔勒敦煌,NA,NA,NA,NA,NA,NA,NA,NA,NA,22300
上海虹桥日照,NA,NA,NA,NA,NA,NA,NA,NA,NA,24182
上海浦东锡林浩特,NA,NA,NA,NA,NA,NA,NA,NA,NA,21063
和田北京南苑,NA,NA,NA,NA,NA,NA,NA,NA,NA,25186
济南鄂尔多斯,NA,NA,NA,NA,NA,NA,NA,NA,NA,22334
格尔木拉萨,NA,NA,NA,NA,NA,NA,NA,NA,NA,17653
汉中北京南苑,NA,NA,NA,NA,NA,NA,NA,NA,NA,25199
西安揭阳潮汕,NA,NA,NA,NA,NA,NA,NA,NA,NA,25776
济宁杭州,NA,NA,NA,NA,NA,NA,NA,NA,NA,20262
嘉峪关额济纳旗,NA,NA,NA,NA,NA,NA,NA,NA,NA,22357
昆明恩施,NA,NA,NA,NA,NA,NA,NA,NA,NA,22361
徐州青岛,NA,NA,NA,NA,NA,NA,NA,NA,NA,18301
烟台银川,NA,NA,NA,NA,NA,NA,NA,NA,NA,20443
淮安上海虹桥,NA,NA,NA,NA,NA,NA,NA,NA,NA,6580
阿尔山杭州,NA,NA,NA,NA,NA,NA,NA,NA,NA,20304
南宁荔波,NA,NA,NA,NA,NA,NA,NA,NA,NA,23061
敦煌上海虹桥,NA,NA,NA,NA,NA,NA,NA,NA,NA,24831
北京首都兴义,NA,NA,NA,NA,NA,NA,NA,NA,NA,11289
温州泉州,NA,NA,NA,NA,NA,NA,NA,NA,NA,18331
黑河上海虹桥,NA,NA,NA,NA,NA,NA,NA,NA,NA,20185
揭阳潮汕太原,NA,NA,NA,NA,NA,NA,NA,NA,NA,21158
凯里海口,NA,NA,NA,NA,NA,NA,NA,NA,NA,22448
庆阳上海虹桥,NA,NA,NA,NA,NA,NA,NA,NA,NA,20447
阿拉善左旗兰州,NA,NA,NA,NA,NA,NA,NA,NA,NA,19290
南充海口,NA,NA,NA,NA,NA,NA,NA,NA,NA,22462
无锡潍坊,NA,NA,NA,NA,NA,NA,NA,NA,NA,18378
鸡西上海浦东,NA,NA,NA,NA,NA,NA,NA,NA,NA,25291
唐山上海虹桥,NA,NA,NA,NA,NA,NA,NA,NA,NA,8109
鄂尔多斯邯郸,NA,NA,NA,NA,NA,NA,NA,NA,NA,19987
吐鲁番北京南苑,NA,NA,NA,NA,NA,NA,NA,NA,NA,25688
北京南苑喀什,NA,NA,NA,NA,NA,NA,NA,NA,NA,25301
西安满洲里,NA,NA,NA,NA,NA,NA,NA,NA,NA,20986
上海虹桥惠州,NA,NA,NA,NA,NA,NA,NA,NA,NA,22720
南通南昌,NA,NA,NA,NA,NA,NA,NA,NA,NA,25305
淮安海口,NA,NA,NA,NA,NA,NA,NA,NA,NA,24969
通化上海虹桥,NA,NA,NA,NA,NA,NA,NA,NA,NA,25716
邯郸上海虹桥,NA,NA,NA,NA,NA,NA,NA,NA,NA,8366
青岛盐城,NA,NA,NA,NA,NA,NA,NA,NA,NA,23477
腾冲上海浦东,NA,NA,NA,NA,NA,NA,NA,NA,NA,21048
南阳北京首都,NA,NA,NA,NA,NA,NA,NA,NA,NA,4581
汉中上海虹桥,NA,NA,NA,NA,NA,NA,NA,NA,NA,22731
揭阳潮汕广州,NA,NA,NA,NA,NA,NA,NA,NA,NA,16854
义乌南宁,NA,NA,NA,NA,NA,NA,NA,NA,NA,23232
广州哈密,NA,NA,NA,NA,NA,NA,NA,NA,NA,19381
锡林浩特沈阳,NA,NA,NA,NA,NA,NA,NA,NA,NA,21094
沈阳锡林浩特,NA,NA,NA,NA,NA,NA,NA,NA,NA,21094
海口舟山,NA,NA,NA,NA,NA,NA,NA,NA,NA,18519
上海虹桥白山,NA,NA,NA,NA,NA,NA,NA,NA,NA,9140
济南安顺,NA,NA,NA,NA,NA,NA,NA,NA,NA,18526
吐鲁番银川,NA,NA,NA,NA,NA,NA,NA,NA,NA,25219
无锡西宁,NA,NA,NA,NA,NA,NA,NA,NA,NA,21314
腾冲北京南苑,NA,NA,NA,NA,NA,NA,NA,NA,NA,23263
三亚佛山,NA,NA,NA,NA,NA,NA,NA,NA,NA,20106
昆明怀化,NA,NA,NA,NA,NA,NA,NA,NA,NA,22635
梁平重庆,NA,NA,NA,NA,NA,NA,NA,NA,NA,18564
天津庆阳,NA,NA,NA,NA,NA,NA,NA,NA,NA,20448
徐州上海虹桥,NA,NA,NA,NA,NA,NA,NA,NA,NA,2836
潍坊北京南苑,NA,NA,NA,NA,NA,NA,NA,NA,NA,11645
海口东营,NA,NA,NA,NA,NA,NA,NA,NA,NA,19967
北京南苑烟台,NA,NA,NA,NA,NA,NA,NA,NA,NA,11778
重庆神农架,NA,NA,NA,NA,NA,NA,NA,NA,NA,23630
长沙永州,NA,NA,NA,NA,NA,NA,NA,NA,NA,21404
恩施上海浦东,NA,NA,NA,NA,NA,NA,NA,NA,NA,24872
临汾上海虹桥,NA,NA,NA,NA,NA,NA,NA,NA,NA,25437
徐州北京首都,NA,NA,NA,NA,NA,NA,NA,NA,NA,9481
潍坊哈尔滨,NA,NA,NA,NA,NA,NA,NA,NA,NA,22695
梅州上海虹桥,NA,NA,NA,NA,NA,NA,NA,NA,NA,25567
鄂尔多斯乌兰浩特,NA,NA,NA,NA,NA,NA,NA,NA,NA,21438
运城青岛,NA,NA,NA,NA,NA,NA,NA,NA,NA,21225
珠海博鳌,NA,NA,NA,NA,NA,NA,NA,NA,NA,23878
无锡威海,NA,NA,NA,NA,NA,NA,NA,NA,NA,18390
北京南苑吐鲁番,NA,NA,NA,NA,NA,NA,NA,NA,NA,25688
漠河上海虹桥,NA,NA,NA,NA,NA,NA,NA,NA,NA,20992
上海虹桥延安,NA,NA,NA,NA,NA,NA,NA,NA,NA,8261
吉林上海虹桥,NA,NA,NA,NA,NA,NA,NA,NA,NA,1856
三亚揭阳潮汕,NA,NA,NA,NA,NA,NA,NA,NA,NA,17480
大连揭阳潮汕,NA,NA,NA,NA,NA,NA,NA,NA,NA,22269
赤峰广州,NA,NA,NA,NA,NA,NA,NA,NA,NA,19353
长春义乌,NA,NA,NA,NA,NA,NA,NA,NA,NA,19584
赤峰成都,NA,NA,NA,NA,NA,NA,NA,NA,NA,19589
揭阳潮汕上海虹桥,NA,NA,NA,NA,NA,NA,NA,NA,NA,11902
上海虹桥揭阳潮汕,NA,NA,NA,NA,NA,NA,NA,NA,NA,11902
南京嘉峪关,NA,NA,NA,NA,NA,NA,NA,NA,NA,22771
永州北京首都,NA,NA,NA,NA,NA,NA,NA,NA,NA,20772
南通上海虹桥,NA,NA,NA,NA,NA,NA,NA,NA,NA,18232
大同重庆,NA,NA,NA,NA,NA,NA,NA,NA,NA,19610
上海虹桥赤峰,NA,NA,NA,NA,NA,NA,NA,NA,NA,19594
济南库尔勒,NA,NA,NA,NA,NA,NA,NA,NA,NA,25376
上海虹桥佛山,NA,NA,NA,NA,NA,NA,NA,NA,NA,20104
拉萨贵阳,NA,NA,NA,NA,NA,NA,NA,NA,NA,25403
福州敦煌,NA,NA,NA,NA,NA,NA,NA,NA,NA,24832
西安佛山,NA,NA,NA,NA,NA,NA,NA,NA,NA,20105
上海虹桥淮安,NA,NA,NA,NA,NA,NA,NA,NA,NA,6580
珠海银川,NA,NA,NA,NA,NA,NA,NA,NA,NA,25224
柳州南昌,NA,NA,NA,NA,NA,NA,NA,NA,NA,18028
白山长沙,NA,NA,NA,NA,NA,NA,NA,NA,NA,22070
呼伦贝尔漠河,NA,NA,NA,NA,NA,NA,NA,NA,NA,22641
北京首都青阳,NA,NA,NA,NA,NA,NA,NA,NA,NA,20530
长沙九寨沟,NA,NA,NA,NA,NA,NA,NA,NA,NA,19702
沈阳齐齐哈尔,NA,NA,NA,NA,NA,NA,NA,NA,NA,18809
九寨沟上海虹桥,NA,NA,NA,NA,NA,NA,NA,NA,NA,13542
珠海赣州,NA,NA,NA,NA,NA,NA,NA,NA,NA,20652
长沙武夷山,NA,NA,NA,NA,NA,NA,NA,NA,NA,19736
满洲里唐山,NA,NA,NA,NA,NA,NA,NA,NA,NA,25651
深圳揭阳潮汕,NA,NA,NA,NA,NA,NA,NA,NA,NA,17475
中卫海口,NA,NA,NA,NA,NA,NA,NA,NA,NA,20174
哈密郑州,NA,NA,NA,NA,NA,NA,NA,NA,NA,19495
衡阳北京首都,NA,NA,NA,NA,NA,NA,NA,NA,NA,25132
上海虹桥抚远,NA,NA,NA,NA,NA,NA,NA,NA,NA,22423
南宁凯里,NA,NA,NA,NA,NA,NA,NA,NA,NA,24107
大同上海虹桥,NA,NA,NA,NA,NA,NA,NA,NA,NA,8051
太原南通,NA,NA,NA,NA,NA,NA,NA,NA,NA,20978
万州上海虹桥,NA,NA,NA,NA,NA,NA,NA,NA,NA,25718
郑州漠河,NA,NA,NA,NA,NA,NA,NA,NA,NA,21885
巴彦淖尔银川,NA,NA,NA,NA,NA,NA,NA,NA,NA,21507
石家庄北京首都,NA,NA,NA,NA,NA,NA,NA,NA,NA,19212
南昌南通,NA,NA,NA,NA,NA,NA,NA,NA,NA,25305
天津漠河,NA,NA,NA,NA,NA,NA,NA,NA,NA,20994
义乌长春,NA,NA,NA,NA,NA,NA,NA,NA,NA,19584
义乌武汉,NA,NA,NA,NA,NA,NA,NA,NA,NA,9812
南京德宏,NA,NA,NA,NA,NA,NA,NA,NA,NA,20777
上海浦东大理,NA,NA,NA,NA,NA,NA,NA,NA,NA,22293
九寨沟上海浦东,NA,NA,NA,NA,NA,NA,NA,NA,NA,13542
和田西安,NA,NA,NA,NA,NA,NA,NA,NA,NA,20401
南宁拉萨,NA,NA,NA,NA,NA,NA,NA,NA,NA,20783
拉萨格尔木,NA,NA,NA,NA,NA,NA,NA,NA,NA,17653
柳州长沙,NA,NA,NA,NA,NA,NA,NA,NA,NA,17378
榆林太原,NA,NA,NA,NA,NA,NA,NA,NA,NA,21622
珠海湛江,NA,NA,NA,NA,NA,NA,NA,NA,NA,23865
南通上海浦东,NA,NA,NA,NA,NA,NA,NA,NA,NA,18232
杭州上海虹桥,NA,NA,NA,NA,NA,NA,NA,NA,NA,16892
揭阳潮汕北京首都,NA,NA,NA,NA,NA,NA,NA,NA,NA,2550
武汉延吉,NA,NA,NA,NA,NA,NA,NA,NA,NA,21306
重庆康定,NA,NA,NA,NA,NA,NA,NA,NA,NA,18969
上海虹桥中卫,NA,NA,NA,NA,NA,NA,NA,NA,NA,23337
贵阳临沂,NA,NA,NA,NA,NA,NA,NA,NA,NA,25399
满洲里长沙,NA,NA,NA,NA,NA,NA,NA,NA,NA,24643
朝阳上海虹桥,NA,NA,NA,NA,NA,NA,NA,NA,NA,24523
九寨沟长沙,NA,NA,NA,NA,NA,NA,NA,NA,NA,19702
佛山上海虹桥,NA,NA,NA,NA,NA,NA,NA,NA,NA,20104
铜仁桂林,NA,NA,NA,NA,NA,NA,NA,NA,NA,17443
北京首都安顺,NA,NA,NA,NA,NA,NA,NA,NA,NA,21664
深圳呼伦贝尔,NA,NA,NA,NA,NA,NA,NA,NA,NA,25120
宁波淮安,NA,NA,NA,NA,NA,NA,NA,NA,NA,18344
上海虹桥长治,NA,NA,NA,NA,NA,NA,NA,NA,NA,10142
青阳上海虹桥,NA,NA,NA,NA,NA,NA,NA,NA,NA,20531
太原乌兰浩特,NA,NA,NA,NA,NA,NA,NA,NA,NA,25123
林芝上海虹桥,NA,NA,NA,NA,NA,NA,NA,NA,NA,20842
南京柳州,NA,NA,NA,NA,NA,NA,NA,NA,NA,23111
长春十堰,NA,NA,NA,NA,NA,NA,NA,NA,NA,24504
上海虹桥百色,NA,NA,NA,NA,NA,NA,NA,NA,NA,21637
宁波鄂尔多斯,NA,NA,NA,NA,NA,NA,NA,NA,NA,19995
上海虹桥桂林,NA,NA,NA,NA,NA,NA,NA,NA,NA,1620
深圳博鳌,NA,NA,NA,NA,NA,NA,NA,NA,NA,23877
南阳贵阳,NA,NA,NA,NA,NA,NA,NA,NA,NA,25385
呼伦贝尔北京首都,NA,NA,NA,NA,NA,NA,NA,NA,NA,5373
梧州南宁,NA,NA,NA,NA,NA,NA,NA,NA,NA,19206
佛山北京首都,NA,NA,NA,NA,NA,NA,NA,NA,NA,20103
广元上海虹桥,NA,NA,NA,NA,NA,NA,NA,NA,NA,22430
青岛常州,NA,NA,NA,NA,NA,NA,NA,NA,NA,23973
惠州上海虹桥,NA,NA,NA,NA,NA,NA,NA,NA,NA,22720
德宏北京南苑,NA,NA,NA,NA,NA,NA,NA,NA,NA,17898
牡丹江沈阳,NA,NA,NA,NA,NA,NA,NA,NA,NA,24151
锡林浩特上海浦东,NA,NA,NA,NA,NA,NA,NA,NA,NA,21063
北京南苑和田,NA,NA,NA,NA,NA,NA,NA,NA,NA,25186
上海浦东腾冲,NA,NA,NA,NA,NA,NA,NA,NA,NA,21048
台州合肥,NA,NA,NA,NA,NA,NA,NA,NA,NA,18165
乌兰浩特满洲里,NA,NA,NA,NA,NA,NA,NA,NA,NA,17140
宁波东营,NA,NA,NA,NA,NA,NA,NA,NA,NA,19969
张家界连云港,NA,NA,NA,NA,NA,NA,NA,NA,NA,24864
北京南苑延吉,NA,NA,NA,NA,NA,NA,NA,NA,NA,14562
万州重庆,NA,NA,NA,NA,NA,NA,NA,NA,NA,16867
武汉武夷山,NA,NA,NA,NA,NA,NA,NA,NA,NA,21299
上海虹桥伊宁,NA,NA,NA,NA,NA,NA,NA,NA,NA,23332
梧州义乌,NA,NA,NA,NA,NA,NA,NA,NA,NA,23548
连云港重庆,NA,NA,NA,NA,NA,NA,NA,NA,NA,18553
上海虹桥张掖,NA,NA,NA,NA,NA,NA,NA,NA,NA,23335
大庆长沙,NA,NA,NA,NA,NA,NA,NA,NA,NA,24641
库尔勒北京南苑,NA,NA,NA,NA,NA,NA,NA,NA,NA,12365
九寨沟贵阳,NA,NA,NA,NA,NA,NA,NA,NA,NA,18594
福州揭阳潮汕,NA,NA,NA,NA,NA,NA,NA,NA,NA,17482
铜仁北京南苑,NA,NA,NA,NA,NA,NA,NA,NA,NA,25676
黔江上海浦东,NA,NA,NA,NA,NA,NA,NA,NA,NA,18252
南昌西双版纳,NA,NA,NA,NA,NA,NA,NA,NA,NA,20469
海口呼伦贝尔,NA,NA,NA,NA,NA,NA,NA,NA,NA,22441
淮安湛江,NA,NA,NA,NA,NA,NA,NA,NA,NA,20324
庆阳北京首都,NA,NA,NA,NA,NA,NA,NA,NA,NA,17740
沈阳北京南苑,NA,NA,NA,NA,NA,NA,NA,NA,NA,12681
满洲里上海虹桥,NA,NA,NA,NA,NA,NA,NA,NA,NA,25655
哈尔滨潍坊,NA,NA,NA,NA,NA,NA,NA,NA,NA,22695
烟台潍坊,NA,NA,NA,NA,NA,NA,NA,NA,NA,18379
鄂尔多斯太原,NA,NA,NA,NA,NA,NA,NA,NA,NA,6202
上海虹桥大同,NA,NA,NA,NA,NA,NA,NA,NA,NA,8051
德宏丽江,NA,NA,NA,NA,NA,NA,NA,NA,NA,19182
沈阳阿尔山,NA,NA,NA,NA,NA,NA,NA,NA,NA,21099
呼伦贝尔太原,NA,NA,NA,NA,NA,NA,NA,NA,NA,25110
阿克苏北京首都,NA,NA,NA,NA,NA,NA,NA,NA,NA,21644
太原榆林,NA,NA,NA,NA,NA,NA,NA,NA,NA,21622
盐城青岛,NA,NA,NA,NA,NA,NA,NA,NA,NA,23477
义乌上海虹桥,NA,NA,NA,NA,NA,NA,NA,NA,NA,16929
丹东广州,NA,NA,NA,NA,NA,NA,NA,NA,NA,19360
连城北京首都,NA,NA,NA,NA,NA,NA,NA,NA,NA,20718
黑河广州,NA,NA,NA,NA,NA,NA,NA,NA,NA,19374
连云港合肥,NA,NA,NA,NA,NA,NA,NA,NA,NA,18164
赣州合肥,NA,NA,NA,NA,NA,NA,NA,NA,NA,20228
上海虹桥杭州,NA,NA,NA,NA,NA,NA,NA,NA,NA,16892
九寨沟重庆,NA,NA,NA,NA,NA,NA,NA,NA,NA,21391
杭州阿尔山,NA,NA,NA,NA,NA,NA,NA,NA,NA,20304
宜昌桂林,NA,NA,NA,NA,NA,NA,NA,NA,NA,17425
晋江北京首都,NA,NA,NA,NA,NA,NA,NA,NA,NA,817
泉州温州,NA,NA,NA,NA,NA,NA,NA,NA,NA,18331
临沂贵阳,NA,NA,NA,NA,NA,NA,NA,NA,NA,25399
徐州南昌,NA,NA,NA,NA,NA,NA,NA,NA,NA,20582
攀枝花北京南苑,NA,NA,NA,NA,NA,NA,NA,NA,NA,23256
洛阳银川,NA,NA,NA,NA,NA,NA,NA,NA,NA,25204
迪庆长沙,NA,NA,NA,NA,NA,NA,NA,NA,NA,24634
通化北京南苑,NA,NA,NA,NA,NA,NA,NA,NA,NA,23267
恩施重庆,NA,NA,NA,NA,NA,NA,NA,NA,NA,18543
九寨沟北京首都,NA,NA,NA,NA,NA,NA,NA,NA,NA,2763
南通珠海,NA,NA,NA,NA,NA,NA,NA,NA,NA,17505
南通海口,NA,NA,NA,NA,NA,NA,NA,NA,NA,22466
常州海口,NA,NA,NA,NA,NA,NA,NA,NA,NA,24740
太原黄山,NA,NA,NA,NA,NA,NA,NA,NA,NA,23511
北京首都揭阳潮汕,NA,NA,NA,NA,NA,NA,NA,NA,NA,2550
东营宁波,NA,NA,NA,NA,NA,NA,NA,NA,NA,19969
昆明呼伦贝尔,NA,NA,NA,NA,NA,NA,NA,NA,NA,20328
上海虹桥连城,NA,NA,NA,NA,NA,NA,NA,NA,NA,13660
台州郑州,NA,NA,NA,NA,NA,NA,NA,NA,NA,19497
三亚常德,NA,NA,NA,NA,NA,NA,NA,NA,NA,17242
漠河郑州,NA,NA,NA,NA,NA,NA,NA,NA,NA,21885
十堰上海虹桥,NA,NA,NA,NA,NA,NA,NA,NA,NA,25715
太原鄂尔多斯,NA,NA,NA,NA,NA,NA,NA,NA,NA,6202
上海虹桥舟山,NA,NA,NA,NA,NA,NA,NA,NA,NA,9743
上海虹桥普洱,NA,NA,NA,NA,NA,NA,NA,NA,NA,25730
上海虹桥徐州,NA,NA,NA,NA,NA,NA,NA,NA,NA,2836
南宁淮安,NA,NA,NA,NA,NA,NA,NA,NA,NA,20314
乌鲁木齐新源,NA,NA,NA,NA,NA,NA,NA,NA,NA,23823
南充上海虹桥,NA,NA,NA,NA,NA,NA,NA,NA,NA,9127
黔江杭州,NA,NA,NA,NA,NA,NA,NA,NA,NA,22566
黄山呼和浩特,NA,NA,NA,NA,NA,NA,NA,NA,NA,20215
漠河青岛,NA,NA,NA,NA,NA,NA,NA,NA,NA,20993
昆明赤峰,NA,NA,NA,NA,NA,NA,NA,NA,NA,19591
洛阳兰州,NA,NA,NA,NA,NA,NA,NA,NA,NA,23010
天津鸡西,NA,NA,NA,NA,NA,NA,NA,NA,NA,20541
呼伦贝尔乌兰浩特,NA,NA,NA,NA,NA,NA,NA,NA,NA,23722
柳州兰州,NA,NA,NA,NA,NA,NA,NA,NA,NA,25456
太原呼伦贝尔,NA,NA,NA,NA,NA,NA,NA,NA,NA,25110
青阳北京首都,NA,NA,NA,NA,NA,NA,NA,NA,NA,20530
北京首都吉林,NA,NA,NA,NA,NA,NA,NA,NA,NA,766
丽江合肥,NA,NA,NA,NA,NA,NA,NA,NA,NA,20232
唐山满洲里,NA,NA,NA,NA,NA,NA,NA,NA,NA,25651
临沂威海,NA,NA,NA,NA,NA,NA,NA,NA,NA,7582
上海虹桥南充,NA,NA,NA,NA,NA,NA,NA,NA,NA,9127
安顺北京首都,NA,NA,NA,NA,NA,NA,NA,NA,NA,21664
宁波呼伦贝尔,NA,NA,NA,NA,NA,NA,NA,NA,NA,20329
昭通北京南苑,NA,NA,NA,NA,NA,NA,NA,NA,NA,25683
舟山成都,NA,NA,NA,NA,NA,NA,NA,NA,NA,19768
广州九寨沟,NA,NA,NA,NA,NA,NA,NA,NA,NA,19399
三亚长治,NA,NA,NA,NA,NA,NA,NA,NA,NA,17004
泉州青阳,NA,NA,NA,NA,NA,NA,NA,NA,NA,20487
天津嘉峪关,NA,NA,NA,NA,NA,NA,NA,NA,NA,20461
牡丹江大庆,NA,NA,NA,NA,NA,NA,NA,NA,NA,19024
福州常德,NA,NA,NA,NA,NA,NA,NA,NA,NA,21841
嘉峪关重庆,NA,NA,NA,NA,NA,NA,NA,NA,NA,19627
呼和浩特徐州,NA,NA,NA,NA,NA,NA,NA,NA,NA,18461
大理郑州,NA,NA,NA,NA,NA,NA,NA,NA,NA,21853
九江西安,NA,NA,NA,NA,NA,NA,NA,NA,NA,20485
柳州揭阳潮汕,NA,NA,NA,NA,NA,NA,NA,NA,NA,24147
池州宁波,NA,NA,NA,NA,NA,NA,NA,NA,NA,24094
北京首都南阳,NA,NA,NA,NA,NA,NA,NA,NA,NA,4581
无锡乌鲁木齐,NA,NA,NA,NA,NA,NA,NA,NA,NA,21278
成都赤峰,NA,NA,NA,NA,NA,NA,NA,NA,NA,19589
北海上海虹桥,NA,NA,NA,NA,NA,NA,NA,NA,NA,9916
衢州上海虹桥,NA,NA,NA,NA,NA,NA,NA,NA,NA,18355
九寨沟广州,NA,NA,NA,NA,NA,NA,NA,NA,NA,19399
运城南宁,NA,NA,NA,NA,NA,NA,NA,NA,NA,25621
腾冲贵阳,NA,NA,NA,NA,NA,NA,NA,NA,NA,25383
金昌敦煌,NA,NA,NA,NA,NA,NA,NA,NA,NA,21432
南京潍坊,NA,NA,NA,NA,NA,NA,NA,NA,NA,18377
南京恩施,NA,NA,NA,NA,NA,NA,NA,NA,NA,17596
和田上海虹桥,NA,NA,NA,NA,NA,NA,NA,NA,NA,20400
三亚临沂,NA,NA,NA,NA,NA,NA,NA,NA,NA,18140
兰州运城,NA,NA,NA,NA,NA,NA,NA,NA,NA,25438
广州博鳌,NA,NA,NA,NA,NA,NA,NA,NA,NA,23876
张掖乌鲁木齐,NA,NA,NA,NA,NA,NA,NA,NA,NA,23530
赤峰上海虹桥,NA,NA,NA,NA,NA,NA,NA,NA,NA,19594
上海虹桥绵阳,NA,NA,NA,NA,NA,NA,NA,NA,NA,11389
白山成都,NA,NA,NA,NA,NA,NA,NA,NA,NA,22148
绵阳长春,NA,NA,NA,NA,NA,NA,NA,NA,NA,18697
锦州上海虹桥,NA,NA,NA,NA,NA,NA,NA,NA,NA,4045
延吉济南,NA,NA,NA,NA,NA,NA,NA,NA,NA,23488
徐州长春,NA,NA,NA,NA,NA,NA,NA,NA,NA,18694
上海虹桥敦煌,NA,NA,NA,NA,NA,NA,NA,NA,NA,24831
北京南苑玉树,NA,NA,NA,NA,NA,NA,NA,NA,NA,21033
大连上海虹桥,NA,NA,NA,NA,NA,NA,NA,NA,NA,8188
南京赣州,NA,NA,NA,NA,NA,NA,NA,NA,NA,20643
武汉淮安,NA,NA,NA,NA,NA,NA,NA,NA,NA,18341
锦州北京首都,NA,NA,NA,NA,NA,NA,NA,NA,NA,836
忻州上海虹桥,NA,NA,NA,NA,NA,NA,NA,NA,NA,25714
黎平上海虹桥,NA,NA,NA,NA,NA,NA,NA,NA,NA,20414
达州上海虹桥,NA,NA,NA,NA,NA,NA,NA,NA,NA,13000
青岛安顺,NA,NA,NA,NA,NA,NA,NA,NA,NA,24272
北京首都池州,NA,NA,NA,NA,NA,NA,NA,NA,NA,18118
通辽海口,NA,NA,NA,NA,NA,NA,NA,NA,NA,20153
呼伦贝尔济南,NA,NA,NA,NA,NA,NA,NA,NA,NA,25112
上海虹桥九寨沟,NA,NA,NA,NA,NA,NA,NA,NA,NA,13542
台州上海虹桥,NA,NA,NA,NA,NA,NA,NA,NA,NA,5127
青岛鄂尔多斯,NA,NA,NA,NA,NA,NA,NA,NA,NA,22333
玉树北京南苑,NA,NA,NA,NA,NA,NA,NA,NA,NA,21033
运城上海虹桥,NA,NA,NA,NA,NA,NA,NA,NA,NA,8228
北京南苑怀化,NA,NA,NA,NA,NA,NA,NA,NA,NA,25104
万州上海浦东,NA,NA,NA,NA,NA,NA,NA,NA,NA,25718
襄阳上海虹桥,NA,NA,NA,NA,NA,NA,NA,NA,NA,25702
宜宾上海虹桥,NA,NA,NA,NA,NA,NA,NA,NA,NA,2876
北京南苑凯里,NA,NA,NA,NA,NA,NA,NA,NA,NA,22880
营口上海虹桥,NA,NA,NA,NA,NA,NA,NA,NA,NA,25708
宁波合肥,NA,NA,NA,NA,NA,NA,NA,NA,NA,20233
北京首都晋江,NA,NA,NA,NA,NA,NA,NA,NA,NA,817
威海太原,NA,NA,NA,NA,NA,NA,NA,NA,NA,21268
西昌上海虹桥,NA,NA,NA,NA,NA,NA,NA,NA,NA,21062
南宁运城,NA,NA,NA,NA,NA,NA,NA,NA,NA,25621
重庆荔波,NA,NA,NA,NA,NA,NA,NA,NA,NA,23621
上海虹桥德宏,NA,NA,NA,NA,NA,NA,NA,NA,NA,20779
上海虹桥满洲里,NA,NA,NA,NA,NA,NA,NA,NA,NA,25655
上海虹桥北海,NA,NA,NA,NA,NA,NA,NA,NA,NA,9916
榆林通辽,NA,NA,NA,NA,NA,NA,NA,NA,NA,25858
荔波重庆,NA,NA,NA,NA,NA,NA,NA,NA,NA,23621
